collection_date,drop_off_location,stake,ward/stake,number_of_adult,number_of_youth,donation_bags_collected,time_spent,completed_more_than_one_route,routes_completed,doors_in_route,time_spent,neighbourhood,ward,assessed_value,new_route_number/name
2023-09-23 10:36,Londonderry Chapel,Bonnie Doon Stake,Clareview Ward,1,3,14,25.0,0,2,14,25.0,CLAREVIEW,,837500.0,Bonnie Doon Stake 1
2023-09-23 10:36,Gateway Stake Centre,Gateway Stake,Crawford Plains Ward,3,1,18,25.0,1,2,144,30.0,CRAWFORD PLAINS,Sspomitapi Ward,140000.0,Gateway Stake 1
2023-09-23 10:40,Gateway Stake Centre,Gateway Stake,Silver Berry Ward,2,0,20,30.0,0,2,186,30.0,SILVER BERRY,Sspomitapi Ward,162000.0,Gateway Stake 2
2023-09-23 10:41,Gateway Stake Centre,Gateway Stake,Crawford Plains Ward,2,0,20,25.0,1,1,194,30.0,CRAWFORD PLAINS,Sspomitapi Ward,140000.0,Gateway Stake 3
2023-09-23 10:44,Londonderry Chapel,Bonnie Doon Stake,Londonderry Ward,1,0,2,5.0,0,2,1,30.26904762,LONDONDERRY,,837500.0,Bonnie Doon Stake 2
2023-09-23 10:48,Bearspaw Chapel,Gateway Stake,Blackmud Creek Ward,2,0,20,20.0,0,2,179,20.0,BLACKMUD CREEK,Ipiihkoohkanipiaohtsi Ward,503500.0,Gateway Stake 4
2023-09-23 10:50,Gateway Stake Centre,Gateway Stake,Lee Ridge Ward,1,4,17,25.0,0,2,141,22.0,LEE RIDGE,Karhiio Ward,28618500.0,Gateway Stake 5
2023-09-23 10:51,Londonderry Chapel,Bonnie Doon Stake,Londonderry Ward,2,0,32,45.0,0,2,27,30.26904762,LONDONDERRY,,837500.0,Bonnie Doon Stake 3
2023-09-23 10:51,Londonderry Chapel,Bonnie Doon Stake,Londonderry Ward,2,0,100,5.0,1,2,200,49.0,LONDONDERRY,,837500.0,Bonnie Doon Stake 4
2023-09-23 10:52,Bearspaw Chapel,Bonnie Doon Stake,Southgate Ward,2,3,15,45.0,0,2,13,35.0,SOUTHGATE,,837500.0,Bonnie Doon Stake 5
2023-09-23 10:53,Bonnie Doon Stake Centre,Bonnie Doon Stake,Connors Hill Ward,1,2,30,30.0,0,2,300,30.0,CONNORS HILL,,837500.0,Bonnie Doon Stake 6
2023-09-23 10:55,Londonderry Chapel,Bonnie Doon Stake,Clareview Ward,1,0,17,60.0,0,2,110,30.26904762,CLAREVIEW,,837500.0,Bonnie Doon Stake 7
2023-09-23 10:55,Londonderry Chapel,Bonnie Doon Stake,Londonderry Ward,3,2,20,40.0,0,2,107,40.0,LONDONDERRY,,837500.0,Bonnie Doon Stake 8
2023-09-23 10:56,Coronation Park Chapel,Bonnie Doon Stake,Coronation Park Ward,2,1,25,55.0,0,2,20,55.0,CORONATION PARK,,837500.0,Bonnie Doon Stake 9
2023-09-23 10:58,Londonderry Chapel,Bonnie Doon Stake,Clareview Ward,2,3,24,45.0,1,3,250,45.0,CLAREVIEW,,837500.0,Bonnie Doon Stake 10
2023-09-23 10:59,Bonnie Doon Stake Centre,Bonnie Doon Stake,Connors Hill Ward,3,5,10,60.0,0,2,184,60.0,CONNORS HILL,,837500.0,Bonnie Doon Stake 11
2023-09-23 11:01,Londonderry Chapel,Bonnie Doon Stake,Londonderry Ward,2,2,12,30.0,0,2,12,30.26904762,LONDONDERRY,,837500.0,Bonnie Doon Stake 12
2023-09-23 11:01,Londonderry Chapel,Bonnie Doon Stake,Londonderry Ward,2,0,30,45.0,1,2,194,60.0,LONDONDERRY,,837500.0,Bonnie Doon Stake 13
2023-09-23 11:03,Londonderry Chapel,Bonnie Doon Stake,Londonderry Ward,2,0,16,25.0,0,2,98,25.0,LONDONDERRY,,837500.0,Bonnie Doon Stake 14
2023-09-23 11:03,Bonnie Doon Stake Centre,Bonnie Doon Stake,Forest Heights Ward,2,2,10,20.0,1,2,120,20.0,FOREST HEIGHTS,MÃÂ©tis Ward,837500.0,Bonnie Doon Stake 15
2023-09-23 11:03,Coronation Park Chapel,Bonnie Doon Stake,Coronation Park Ward,2,0,20,60.0,0,2,96,60.0,CORONATION PARK,,837500.0,Bonnie Doon Stake 16
2023-09-23 11:03,Gateway Stake Centre,Gateway Stake,Silver Berry Ward,5,0,29,30.0,0,2,19,30.0,SILVER BERRY,Sspomitapi Ward,162000.0,Gateway Stake 6
2023-09-23 11:04,Bonnie Doon Stake Centre,Bonnie Doon Stake,Forest Heights Ward,2,1,40,30.0,0,2,200,45.0,FOREST HEIGHTS,MÃÂ©tis Ward,837500.0,Bonnie Doon Stake 17
2023-09-23 11:04,Coronation Park Chapel,Bonnie Doon Stake,Coronation Park Ward,2,0,18,63.0,0,2,140,63.0,CORONATION PARK,,837500.0,Bonnie Doon Stake 18
2023-09-23 11:05,Gateway Stake Centre,Gateway Stake,Silver Berry Ward,2,3,21,30.0,0,2,1,32.0,SILVER BERRY,Sspomitapi Ward,162000.0,Gateway Stake 7
2023-09-23 11:06,Bearspaw Chapel,Gateway Stake,Lee Ridge Ward,5,3,24,40.0,0,2,157,40.0,LEE RIDGE,Karhiio Ward,28618500.0,Gateway Stake 8
2023-09-23 11:06,Bonnie Doon Stake Centre,Bonnie Doon Stake,Connors Hill Ward,2,3,40,180.0,1,2,375,60.0,CONNORS HILL,,837500.0,Bonnie Doon Stake 19
2023-09-23 11:06,Gateway Stake Centre,Gateway Stake,Silver Berry Ward,3,0,35,30.0,0,2,250,740.0,SILVER BERRY,Sspomitapi Ward,162000.0,Gateway Stake 9
2023-09-23 11:06,Gateway Stake Centre,Gateway Stake,Crawford Plains Ward,2,0,15,25.0,0,2,116,25.0,CRAWFORD PLAINS,Sspomitapi Ward,140000.0,Gateway Stake 10
2023-09-23 11:07,Bonnie Doon Stake Centre,Bonnie Doon Stake,Forest Heights Ward,2,0,30,30.0,0,2,115,30.0,FOREST HEIGHTS,MÃÂ©tis Ward,837500.0,Bonnie Doon Stake 20
2023-09-23 11:07,Londonderry Chapel,Bonnie Doon Stake,Clareview Ward,1,1,36,45.0,0,2,15,30.26904762,CLAREVIEW,,837500.0,Bonnie Doon Stake 21
2023-09-23 11:09,Bonnie Doon Stake Centre,Bonnie Doon Stake,Forest Heights Ward,2,2,15,30.0,0,2,90,38.0,FOREST HEIGHTS,MÃÂ©tis Ward,837500.0,Bonnie Doon Stake 22
2023-09-23 11:09,North Stake Centre,Edmonton North Stake,Griesbach Ward,2,1,21,45.0,0,2,206,45.0,GRIESBACH,Anirniq Ward,6666500.0,Edmonton North Stake 1
2023-09-23 11:09,Gateway Stake Centre,Gateway Stake,Silver Berry Ward,2,3,21,32.0,0,2,202,32.0,SILVER BERRY,Sspomitapi Ward,162000.0,Gateway Stake 11
2023-09-23 11:09,North Stake Centre,Edmonton North Stake,Griesbach Ward,1,1,23,45.0,0,2,206,45.0,GRIESBACH,Anirniq Ward,6666500.0,Edmonton North Stake 2
2023-09-23 11:09,Riverbend Stake Centre,Riverbend Stake,Greenfield Ward,2,0,30,50.0,0,2,172,50.0,GREENFIELD,papastew Ward,295500.0,Riverbend Stake 1
2023-09-23 11:10,Londonderry Chapel,Bonnie Doon Stake,Clareview Ward,2,0,24,30.0,0,2,23,30.26904762,CLAREVIEW,,837500.0,Bonnie Doon Stake 23
2023-09-23 11:11,Coronation Park Chapel,Bonnie Doon Stake,Coronation Park Ward,2,0,5,32.0,0,2,302,39.0,CORONATION PARK,,837500.0,Bonnie Doon Stake 24
2023-09-23 11:11,North Stake Centre,Edmonton North Stake,Griesbach Ward,2,3,29,60.0,0,2,107,60.0,GRIESBACH,Anirniq Ward,6666500.0,Edmonton North Stake 3
2023-09-23 11:11,Gateway Stake Centre,Gateway Stake,Crawford Plains Ward,1,0,20,20.0,0,2,100,20.0,CRAWFORD PLAINS,Sspomitapi Ward,140000.0,Gateway Stake 12
2023-09-23 11:11,Londonderry Chapel,Bonnie Doon Stake,Londonderry Ward,2,1,17,30.0,0,2,182,30.26904762,LONDONDERRY,,837500.0,Bonnie Doon Stake 25
2023-09-23 11:12,Londonderry Chapel,Bonnie Doon Stake,Londonderry Ward,3,0,15,45.0,1,2,200,51.0,LONDONDERRY,,837500.0,Bonnie Doon Stake 26
2023-09-23 11:12,North Stake Centre,Edmonton North Stake,Griesbach Ward,2,2,24,30.0,0,2,20,30.0,GRIESBACH,Anirniq Ward,6666500.0,Edmonton North Stake 4
2023-09-23 11:13,Gateway Stake Centre,Gateway Stake,Crawford Plains Ward,2,0,26,45.0,0,2,150,40.0,CRAWFORD PLAINS,Sspomitapi Ward,140000.0,Gateway Stake 13
2023-09-23 11:14,Gateway Stake Centre,Gateway Stake,Silver Berry Ward,3,0,24,35.0,0,2,194,40.0,SILVER BERRY,Sspomitapi Ward,162000.0,Gateway Stake 14
2023-09-23 11:14,Bonnie Doon Stake Centre,Bonnie Doon Stake,Forest Heights Ward,3,3,30,60.0,1,2,100,73.0,FOREST HEIGHTS,MÃÂ©tis Ward,837500.0,Bonnie Doon Stake 27
2023-09-23 11:14,Gateway Stake Centre,Gateway Stake,Ellerslie Ward,2,2,33,50.0,1,1,207,50.0,ELLERSLIE,Karhiio Ward,797500.0,Gateway Stake 15
2023-09-23 11:14,Londonderry Chapel,Bonnie Doon Stake,Londonderry Ward,2,2,11,35.0,0,2,116,30.26904762,LONDONDERRY,,837500.0,Bonnie Doon Stake 28
2023-09-23 11:15,Bearspaw Chapel,Gateway Stake,Blackmud Creek Ward,2,0,15,45.0,0,2,135,35.0,BLACKMUD CREEK,Ipiihkoohkanipiaohtsi Ward,503500.0,Gateway Stake 16
2023-09-23 11:16,Gateway Stake Centre,Gateway Stake,Silver Berry Ward,1,0,11,20.0,0,2,29,13.0,SILVER BERRY,Sspomitapi Ward,162000.0,Gateway Stake 17
2023-09-23 11:17,Riverbend Stake Centre,Riverbend Stake,Rabbit Hill Ward,2,3,22,30.0,0,2,80,40.0,RABBIT HILL,,738854.8387,Riverbend Stake 2
2023-09-23 11:17,North Stake Centre,Edmonton North Stake,Namao Ward,2,0,23,100.0,0,2,160,100.0,NAMAO,,6666500.0,Edmonton North Stake 5
2023-09-23 11:17,Gateway Stake Centre,Gateway Stake,Wainwright Branch,2,0,23,30.0,0,2,137,30.0,WAINWRIGHT BRANCH,,6706200.535,Gateway Stake 18
2023-09-23 11:18,Gateway Stake Centre,Gateway Stake,Lee Ridge Ward,1,4,16,20.0,1,2,147,20.0,LEE RIDGE,Karhiio Ward,28618500.0,Gateway Stake 19
2023-09-23 11:19,Riverbend Stake Centre,Riverbend Stake,Rabbit Hill Ward,4,2,59,60.0,1,2,236,60.0,RABBIT HILL,,738854.8387,Riverbend Stake 3
2023-09-23 11:20,Gateway Stake Centre,Gateway Stake,Crawford Plains Ward,1,1,5,17.0,0,2,135,17.0,CRAWFORD PLAINS,Sspomitapi Ward,140000.0,Gateway Stake 20
2023-09-23 11:20,North Stake Centre,Edmonton North Stake,Griesbach Ward,2,3,35,70.0,0,2,370,65.0,GRIESBACH,Anirniq Ward,6666500.0,Edmonton North Stake 6
2023-09-23 11:21,Gateway Stake Centre,Gateway Stake,Crawford Plains Ward,2,0,15,40.0,0,2,115,40.0,CRAWFORD PLAINS,Sspomitapi Ward,140000.0,Gateway Stake 21
2023-09-23 11:21,North Stake Centre,Edmonton North Stake,Griesbach Ward,2,2,16,60.0,0,2,200,50.0,GRIESBACH,Anirniq Ward,6666500.0,Edmonton North Stake 7
2023-09-23 11:22,Gateway Stake Centre,Gateway Stake,Silver Berry Ward,2,0,20,30.0,0,2,198,30.0,SILVER BERRY,Sspomitapi Ward,162000.0,Gateway Stake 22
2023-09-23 11:22,Bonnie Doon Stake Centre,Bonnie Doon Stake,Connors Hill Ward,2,0,25,40.0,0,2,235,60.0,CONNORS HILL,,837500.0,Bonnie Doon Stake 29
2023-09-23 11:23,Londonderry Chapel,Bonnie Doon Stake,Londonderry Ward,2,0,20,35.0,0,2,100,40.0,LONDONDERRY,,837500.0,Bonnie Doon Stake 30
2023-09-23 11:23,Gateway Stake Centre,Gateway Stake,Ellerslie Ward,2,1,22,50.0,0,2,191,50.0,ELLERSLIE,Karhiio Ward,797500.0,Gateway Stake 23
2023-09-23 11:24,North Stake Centre,Edmonton North Stake,Griesbach Ward,2,0,9,20.0,0,2,100,20.0,GRIESBACH,Anirniq Ward,6666500.0,Edmonton North Stake 8
2023-09-23 11:24,Gateway Stake Centre,Gateway Stake,Silver Berry Ward,2,0,31,58.0,0,2,27,57.0,SILVER BERRY,Sspomitapi Ward,162000.0,Gateway Stake 24
2023-09-23 11:24,Gateway Stake Centre,Gateway Stake,Silver Berry Ward,4,0,26,50.0,0,2,168,50.0,SILVER BERRY,Sspomitapi Ward,162000.0,Gateway Stake 25
2023-09-23 11:24,North Stake Centre,Edmonton North Stake,Namao Ward,1,4,42,50.0,0,2,392,60.0,NAMAO,,6666500.0,Edmonton North Stake 9
2023-09-23 11:25,Bonnie Doon Stake Centre,Bonnie Doon Stake,Forest Heights Ward,2,3,18,120.0,0,2,100,56.0,FOREST HEIGHTS,MÃÂ©tis Ward,837500.0,Bonnie Doon Stake 31
2023-09-23 11:25,Gateway Stake Centre,Gateway Stake,Crawford Plains Ward,2,3,21,50.0,1,2,317,50.0,CRAWFORD PLAINS,Sspomitapi Ward,140000.0,Gateway Stake 26
2023-09-23 11:25,Riverbend Stake Centre,Riverbend Stake,Greenfield Ward,3,0,54,75.0,0,2,212,80.0,GREENFIELD,papastew Ward,295500.0,Riverbend Stake 4
2023-09-23 11:25,Gateway Stake Centre,Gateway Stake,Crawford Plains Ward,1,2,11,30.0,1,2,261,33.0,CRAWFORD PLAINS,Sspomitapi Ward,140000.0,Gateway Stake 27
2023-09-23 11:25,Gateway Stake Centre,Gateway Stake,Crawford Plains Ward,2,0,15,40.0,0,2,115,40.0,CRAWFORD PLAINS,Sspomitapi Ward,140000.0,Gateway Stake 28
2023-09-23 11:26,Coronation Park Chapel,Edmonton North Stake,Stony Plain Ward,1,2,31,45.0,1,2,453,69.0,STONY PLAIN,,6666500.0,Edmonton North Stake 10
2023-09-23 11:27,Gateway Stake Centre,Gateway Stake,Silver Berry Ward,2,0,27,40.0,0,2,23,40.0,SILVER BERRY,Sspomitapi Ward,162000.0,Gateway Stake 29
2023-09-23 11:27,Gateway Stake Centre,Gateway Stake,Crawford Plains Ward,2,0,12,25.0,0,2,110,25.0,CRAWFORD PLAINS,Sspomitapi Ward,140000.0,Gateway Stake 30
2023-09-23 11:27,Londonderry Chapel,Bonnie Doon Stake,Clareview Ward,2,0,34,60.0,1,2,32,30.26904762,CLAREVIEW,,837500.0,Bonnie Doon Stake 32
2023-09-23 11:27,Bearspaw Chapel,Gateway Stake,Lee Ridge Ward,2,3,37,30.0,1,2,144,30.0,LEE RIDGE,Karhiio Ward,28618500.0,Gateway Stake 31
2023-09-23 11:27,Gateway Stake Centre,Gateway Stake,Ellerslie Ward,2,0,26,35.0,0,2,220,35.0,ELLERSLIE,Karhiio Ward,797500.0,Gateway Stake 32
2023-09-23 11:27,Londonderry Chapel,Bonnie Doon Stake,Clareview Ward,2,0,9,45.0,0,2,194,30.26904762,CLAREVIEW,,837500.0,Bonnie Doon Stake 33
2023-09-23 11:28,Gateway Stake Centre,Gateway Stake,Ellerslie Ward,2,0,11,15.0,0,2,165,15.0,ELLERSLIE,Karhiio Ward,797500.0,Gateway Stake 33
2023-09-23 11:28,Bearspaw Chapel,Gateway Stake,Wild Rose Ward,1,7,6,60.0,1,2,315,60.0,WILD ROSE,Sspomitapi Ward,118500.0,Gateway Stake 34
2023-09-23 11:29,Londonderry Chapel,Bonnie Doon Stake,Londonderry Ward,2,2,43,60.0,1,2,300,55.0,LONDONDERRY,,837500.0,Bonnie Doon Stake 34
2023-09-23 11:29,Londonderry Chapel,Bonnie Doon Stake,Londonderry Ward,2,1,35,60.0,1,2,250,57.0,LONDONDERRY,,837500.0,Bonnie Doon Stake 35
2023-09-23 11:29,Bearspaw Chapel,Gateway Stake,Lee Ridge Ward,2,0,8,60.0,0,2,162,60.0,LEE RIDGE,Karhiio Ward,28618500.0,Gateway Stake 35
2023-09-23 11:29,Coronation Park Chapel,Bonnie Doon Stake,Coronation Park Ward,1,1,38,90.0,1,2,300,30.26904762,CORONATION PARK,,837500.0,Bonnie Doon Stake 36
2023-09-23 11:30,Riverbend Stake Centre,Riverbend Stake,Woodbend Ward,1,3,10,30.0,0,2,10,30.0,WOODBEND,,738854.8387,Riverbend Stake 5
2023-09-23 11:30,Gateway Stake Centre,Gateway Stake,Ellerslie Ward,2,3,20,50.0,0,2,219,50.0,ELLERSLIE,Karhiio Ward,797500.0,Gateway Stake 36
2023-09-23 11:30,Riverbend Stake Centre,Riverbend Stake,Terwillegar Park Ward,3,0,60,90.0,0,2,250,90.0,TERWILLEGAR PARK,,738854.8387,Riverbend Stake 6
2023-09-23 11:30,Londonderry Chapel,Bonnie Doon Stake,Clareview Ward,1,2,6,45.0,0,2,150,30.26904762,CLAREVIEW,,837500.0,Bonnie Doon Stake 37
2023-09-23 11:31,Londonderry Chapel,Bonnie Doon Stake,Londonderry Ward,2,0,45,75.0,0,2,300,75.0,LONDONDERRY,,837500.0,Bonnie Doon Stake 38
2023-09-23 11:31,Gateway Stake Centre,Gateway Stake,Silver Berry Ward,2,0,24,40.0,0,2,167,50.0,SILVER BERRY,Sspomitapi Ward,162000.0,Gateway Stake 37
2023-09-23 11:31,Londonderry Chapel,Bonnie Doon Stake,Londonderry Ward,2,3,35,60.0,0,2,180,60.0,LONDONDERRY,,837500.0,Bonnie Doon Stake 39
2023-09-23 11:32,Bearspaw Chapel,Bonnie Doon Stake,Southgate Ward,2,0,20,45.0,0,2,95,89.0,SOUTHGATE,,837500.0,Bonnie Doon Stake 40
2023-09-23 11:32,Gateway Stake Centre,Gateway Stake,Rio Vista Ward,7,7,46,60.0,0,2,219,60.0,RIO VISTA,,6706200.535,Gateway Stake 38
2023-09-23 11:32,Gateway Stake Centre,Gateway Stake,Crawford Plains Ward,1,1,15,55.0,1,2,236,55.0,CRAWFORD PLAINS,Sspomitapi Ward,140000.0,Gateway Stake 39
2023-09-23 11:32,Riverbend Stake Centre,Riverbend Stake,Rutherford Ward,2,0,20,45.0,0,2,13,45.0,RUTHERFORD,Ipiihkoohkanipiaohtsi Ward,1154500.0,Riverbend Stake 7
2023-09-23 11:33,Bearspaw Chapel,Gateway Stake,Lee Ridge Ward,46,0,15,45.0,0,2,15,45.0,LEE RIDGE,Karhiio Ward,28618500.0,Gateway Stake 40
2023-09-23 11:33,Londonderry Chapel,Bonnie Doon Stake,Londonderry Ward,2,2,19,45.0,0,2,198,35.0,LONDONDERRY,,837500.0,Bonnie Doon Stake 41
2023-09-23 11:33,Coronation Park Chapel,Edmonton North Stake,Stony Plain Ward,1,0,30,47.0,1,2,155,30.26904762,STONY PLAIN,,6666500.0,Edmonton North Stake 11
2023-09-23 11:33,Gateway Stake Centre,Gateway Stake,Crawford Plains Ward,2,0,35,70.0,0,2,134,67.0,CRAWFORD PLAINS,Sspomitapi Ward,140000.0,Gateway Stake 41
2023-09-23 11:34,Londonderry Chapel,Bonnie Doon Stake,Londonderry Ward,2,0,4,10.0,0,2,194,30.26904762,LONDONDERRY,,837500.0,Bonnie Doon Stake 42
2023-09-23 11:34,North Stake Centre,Edmonton North Stake,Griesbach Ward,2,4,23,50.0,0,2,203,50.0,GRIESBACH,Anirniq Ward,6666500.0,Edmonton North Stake 12
2023-09-23 11:34,Londonderry Chapel,Bonnie Doon Stake,Clareview Ward,2,0,12,50.0,0,2,180,63.0,CLAREVIEW,,837500.0,Bonnie Doon Stake 43
2023-09-23 11:35,Londonderry Chapel,Bonnie Doon Stake,Londonderry Ward,1,3,7,30.0,0,2,7,30.0,LONDONDERRY,,837500.0,Bonnie Doon Stake 44
2023-09-23 11:35,Riverbend Stake Centre,Riverbend Stake,Greenfield Ward,2,0,40,60.0,0,2,20,65.0,GREENFIELD,papastew Ward,295500.0,Riverbend Stake 8
2023-09-23 11:35,Coronation Park Chapel,Bonnie Doon Stake,Coronation Park Ward,2,2,72,45.0,1,3,63,81.0,CORONATION PARK,,837500.0,Bonnie Doon Stake 45
2023-09-23 11:35,North Stake Centre,Edmonton North Stake,Griesbach Ward,1,2,22,60.0,0,2,150,45.0,GRIESBACH,Anirniq Ward,6666500.0,Edmonton North Stake 13
2023-09-23 11:35,Bonnie Doon Stake Centre,Bonnie Doon Stake,Connors Hill Ward,3,1,40,60.0,0,2,160,44.0,CONNORS HILL,,837500.0,Bonnie Doon Stake 46
2023-09-23 11:36,Gateway Stake Centre,Gateway Stake,Crawford Plains Ward,2,3,20,60.0,1,2,194,60.0,CRAWFORD PLAINS,Sspomitapi Ward,140000.0,Gateway Stake 42
2023-09-23 11:37,Bonnie Doon Stake Centre,Bonnie Doon Stake,Forest Heights Ward,1,0,33,45.0,1,2,130,45.0,FOREST HEIGHTS,MÃÂ©tis Ward,837500.0,Bonnie Doon Stake 47
2023-09-23 11:38,Riverbend Stake Centre,Riverbend Stake,Rutherford Ward,1,2,18,40.0,0,2,14,40.0,RUTHERFORD,Ipiihkoohkanipiaohtsi Ward,1154500.0,Riverbend Stake 9
2023-09-23 11:38,Gateway Stake Centre,Gateway Stake,Silver Berry Ward,2,0,17,40.0,0,2,170,40.0,SILVER BERRY,Sspomitapi Ward,162000.0,Gateway Stake 43
2023-09-23 11:38,Riverbend Stake Centre,Riverbend Stake,Rutherford Ward,2,1,12,15.0,0,2,12,40.0,RUTHERFORD,Ipiihkoohkanipiaohtsi Ward,1154500.0,Riverbend Stake 10
2023-09-23 11:38,North Stake Centre,Edmonton North Stake,Griesbach Ward,3,0,17,45.0,0,2,13,60.0,GRIESBACH,Anirniq Ward,6666500.0,Edmonton North Stake 14
2023-09-23 11:38,Gateway Stake Centre,Gateway Stake,Crawford Plains Ward,2,0,37,15.0,1,4,130,54.0,CRAWFORD PLAINS,Sspomitapi Ward,140000.0,Gateway Stake 44
2023-09-23 11:39,North Stake Centre,Edmonton North Stake,Namao Ward,2,0,12,100.0,0,2,175,95.0,NAMAO,,6666500.0,Edmonton North Stake 15
2023-09-23 11:39,Riverbend Stake Centre,Riverbend Stake,Rabbit Hill Ward,2,2,10,10.0,0,2,70,28.0,RABBIT HILL,,738854.8387,Riverbend Stake 11
2023-09-23 11:39,Riverbend Stake Centre,Riverbend Stake,Terwillegar Park Ward,1,3,50,60.0,0,2,38,65.0,TERWILLEGAR PARK,,738854.8387,Riverbend Stake 12
2023-09-23 11:41,Bonnie Doon Stake Centre,Bonnie Doon Stake,Connors Hill Ward,2,0,10,30.0,0,2,136,30.0,CONNORS HILL,,837500.0,Bonnie Doon Stake 48
2023-09-23 11:41,Riverbend Stake Centre,Riverbend Stake,Greenfield Ward,4,0,23,45.0,0,2,192,60.0,GREENFIELD,papastew Ward,295500.0,Riverbend Stake 13
2023-09-23 11:41,North Stake Centre,Edmonton North Stake,Griesbach Ward,1,3,15,60.0,0,2,14,60.0,GRIESBACH,Anirniq Ward,6666500.0,Edmonton North Stake 16
2023-09-23 11:41,North Stake Centre,Edmonton North Stake,Griesbach Ward,1,3,7,40.0,0,2,90,40.0,GRIESBACH,Anirniq Ward,6666500.0,Edmonton North Stake 17
2023-09-23 11:41,Gateway Stake Centre,Gateway Stake,Crawford Plains Ward,1,0,16,30.0,0,2,135,30.0,CRAWFORD PLAINS,Sspomitapi Ward,140000.0,Gateway Stake 45
2023-09-23 11:42,Gateway Stake Centre,Gateway Stake,Ellerslie Ward,1,2,28,35.0,0,2,203,35.0,ELLERSLIE,Karhiio Ward,797500.0,Gateway Stake 46
2023-09-23 11:42,Londonderry Chapel,Bonnie Doon Stake,Londonderry Ward,1,2,12,20.0,0,2,110,25.0,LONDONDERRY,,837500.0,Bonnie Doon Stake 49
2023-09-23 11:42,Bonnie Doon Stake Centre,Bonnie Doon Stake,Connors Hill Ward,2,0,25,60.0,0,2,249,60.0,CONNORS HILL,,837500.0,Bonnie Doon Stake 50
2023-09-23 11:42,Bearspaw Chapel,Gateway Stake,Lee Ridge Ward,19,2,15,55.0,0,2,158,70.0,LEE RIDGE,Karhiio Ward,28618500.0,Gateway Stake 47
2023-09-23 11:43,Bearspaw Chapel,Gateway Stake,Lee Ridge Ward,7,0,17,40.0,0,2,170,42.0,LEE RIDGE,Karhiio Ward,28618500.0,Gateway Stake 48
2023-09-23 11:43,Gateway Stake Centre,Gateway Stake,Crawford Plains Ward,2,2,9,20.0,0,2,138,20.0,CRAWFORD PLAINS,Sspomitapi Ward,140000.0,Gateway Stake 49
2023-09-23 11:43,Riverbend Stake Centre,Riverbend Stake,Rabbit Hill Ward,4,1,15,15.0,0,2,80,15.0,RABBIT HILL,,738854.8387,Riverbend Stake 14
2023-09-23 11:44,Bearspaw Chapel,Gateway Stake,Blackmud Creek Ward,3,3,55,47.0,0,2,165,47.0,BLACKMUD CREEK,Ipiihkoohkanipiaohtsi Ward,503500.0,Gateway Stake 50
2023-09-23 11:44,Gateway Stake Centre,Gateway Stake,Crawford Plains Ward,3,2,30,40.0,1,2,256,40.0,CRAWFORD PLAINS,Sspomitapi Ward,140000.0,Gateway Stake 51
2023-09-23 11:44,Gateway Stake Centre,Gateway Stake,Silver Berry Ward,3,1,40,100.0,1,2,419,100.0,SILVER BERRY,Sspomitapi Ward,162000.0,Gateway Stake 52
2023-09-23 11:45,North Stake Centre,Edmonton North Stake,Griesbach Ward,2,2,15,60.0,0,2,106,50.0,GRIESBACH,Anirniq Ward,6666500.0,Edmonton North Stake 18
2023-09-23 11:45,Coronation Park Chapel,Bonnie Doon Stake,Coronation Park Ward,2,2,35,75.0,1,2,144,74.0,CORONATION PARK,,837500.0,Bonnie Doon Stake 51
2023-09-23 11:45,Gateway Stake Centre,Gateway Stake,Silver Berry Ward,2,1,11,60.0,1,2,11,60.0,SILVER BERRY,Sspomitapi Ward,162000.0,Gateway Stake 53
2023-09-23 11:45,Bonnie Doon Stake Centre,Bonnie Doon Stake,Forest Heights Ward,2,0,16,40.0,0,2,125,40.0,FOREST HEIGHTS,MÃÂ©tis Ward,837500.0,Bonnie Doon Stake 52
2023-09-23 11:45,Gateway Stake Centre,Gateway Stake,Lee Ridge Ward,1,2,32,35.0,0,2,173,35.0,LEE RIDGE,Karhiio Ward,28618500.0,Gateway Stake 54
2023-09-23 11:45,North Stake Centre,Edmonton North Stake,Griesbach Ward,2,0,18,55.0,0,2,90,55.0,GRIESBACH,Anirniq Ward,6666500.0,Edmonton North Stake 19
2023-09-23 11:46,Bonnie Doon Stake Centre,Bonnie Doon Stake,Forest Heights Ward,2,4,32,45.0,0,2,200,73.0,FOREST HEIGHTS,MÃÂ©tis Ward,837500.0,Bonnie Doon Stake 53
2023-09-23 11:46,Coronation Park Chapel,Bonnie Doon Stake,Coronation Park Ward,3,0,18,45.0,0,2,143,45.0,CORONATION PARK,,837500.0,Bonnie Doon Stake 54
2023-09-23 11:47,Riverbend Stake Centre,Riverbend Stake,Terwillegar Park Ward,2,0,44,70.0,1,1,285,75.0,TERWILLEGAR PARK,,738854.8387,Riverbend Stake 15
2023-09-23 11:47,Gateway Stake Centre,Gateway Stake,Crawford Plains Ward,2,3,30,60.0,1,2,23,75.0,CRAWFORD PLAINS,Sspomitapi Ward,140000.0,Gateway Stake 55
2023-09-23 11:47,Gateway Stake Centre,Gateway Stake,Ellerslie Ward,3,2,30,40.0,0,2,210,45.0,ELLERSLIE,Karhiio Ward,797500.0,Gateway Stake 56
2023-09-23 11:47,Bearspaw Chapel,Gateway Stake,Blackmud Creek Ward,2,0,35,60.0,0,2,148,120.0,BLACKMUD CREEK,Ipiihkoohkanipiaohtsi Ward,503500.0,Gateway Stake 57
2023-09-23 11:47,Riverbend Stake Centre,Riverbend Stake,Rutherford Ward,2,0,44,60.0,1,2,446,60.0,RUTHERFORD,Ipiihkoohkanipiaohtsi Ward,1154500.0,Riverbend Stake 16
2023-09-23 11:47,Londonderry Chapel,Bonnie Doon Stake,Londonderry Ward,1,2,35,45.0,0,2,200,30.26904762,LONDONDERRY,,837500.0,Bonnie Doon Stake 55
2023-09-23 11:48,Coronation Park Chapel,Bonnie Doon Stake,Coronation Park Ward,3,1,117,45.0,1,4,403,90.0,CORONATION PARK,,837500.0,Bonnie Doon Stake 56
2023-09-23 11:48,North Stake Centre,Edmonton North Stake,Griesbach Ward,2,0,30,105.0,1,3,356,105.0,GRIESBACH,Anirniq Ward,6666500.0,Edmonton North Stake 20
2023-09-23 11:49,Londonderry Chapel,Bonnie Doon Stake,Clareview Ward,2,2,40,70.0,1,2,200,70.0,CLAREVIEW,,837500.0,Bonnie Doon Stake 57
2023-09-23 11:49,Londonderry Chapel,Bonnie Doon Stake,Clareview Ward,2,0,3,3.0,0,2,194,30.26904762,CLAREVIEW,,837500.0,Bonnie Doon Stake 58
2023-09-23 11:49,Gateway Stake Centre,Gateway Stake,Silver Berry Ward,2,0,30,55.0,0,2,174,55.0,SILVER BERRY,Sspomitapi Ward,162000.0,Gateway Stake 58
2023-09-23 11:49,Bearspaw Chapel,Gateway Stake,Lee Ridge Ward,4,3,26,30.0,0,2,148,36.0,LEE RIDGE,Karhiio Ward,28618500.0,Gateway Stake 59
2023-09-23 11:50,Riverbend Stake Centre,Riverbend Stake,Terwillegar Park Ward,1,1,24,90.0,0,2,170,90.0,TERWILLEGAR PARK,,738854.8387,Riverbend Stake 17
2023-09-23 11:50,Riverbend Stake Centre,Riverbend Stake,Terwillegar Park Ward,2,0,70,90.0,1,1,312,108.0,TERWILLEGAR PARK,,738854.8387,Riverbend Stake 18
2023-09-23 11:50,Bonnie Doon Stake Centre,Bonnie Doon Stake,Forest Heights Ward,2,3,20,60.0,0,2,120,60.0,FOREST HEIGHTS,MÃÂ©tis Ward,837500.0,Bonnie Doon Stake 59
2023-09-23 11:50,Gateway Stake Centre,Gateway Stake,Ellerslie Ward,1,0,26,40.0,1,3,191,36.0,ELLERSLIE,Karhiio Ward,797500.0,Gateway Stake 60
2023-09-23 11:50,Gateway Stake Centre,Gateway Stake,Crawford Plains Ward,2,1,23,32.0,1,1,195,32.0,CRAWFORD PLAINS,Sspomitapi Ward,140000.0,Gateway Stake 61
2023-09-23 11:50,Londonderry Chapel,Bonnie Doon Stake,Clareview Ward,2,0,15,30.0,0,2,121,38.0,CLAREVIEW,,837500.0,Bonnie Doon Stake 60
2023-09-23 11:50,Gateway Stake Centre,Gateway Stake,Crawford Plains Ward,2,3,13,15.0,0,2,115,30.0,CRAWFORD PLAINS,Sspomitapi Ward,140000.0,Gateway Stake 62
2023-09-23 11:51,Gateway Stake Centre,Gateway Stake,Ellerslie Ward,1,2,20,50.0,1,2,260,50.0,ELLERSLIE,Karhiio Ward,797500.0,Gateway Stake 63
2023-09-23 11:51,Bonnie Doon Stake Centre,Bonnie Doon Stake,Forest Heights Ward,1,1,18,45.0,0,2,125,36.0,FOREST HEIGHTS,MÃÂ©tis Ward,837500.0,Bonnie Doon Stake 61
2023-09-23 11:51,Gateway Stake Centre,Gateway Stake,Lee Ridge Ward,2,1,36,40.0,0,2,145,44.0,LEE RIDGE,Karhiio Ward,28618500.0,Gateway Stake 64
2023-09-23 11:52,Bearspaw Chapel,Bonnie Doon Stake,Southgate Ward,5,1,6,15.0,0,2,40,60.0,SOUTHGATE,,837500.0,Bonnie Doon Stake 62
2023-09-23 11:52,Gateway Stake Centre,Gateway Stake,Ellerslie Ward,2,2,35,60.0,0,2,214,60.0,ELLERSLIE,Karhiio Ward,797500.0,Gateway Stake 65
2023-09-23 11:52,Gateway Stake Centre,Gateway Stake,Crawford Plains Ward,2,0,6,15.0,0,2,168,15.0,CRAWFORD PLAINS,Sspomitapi Ward,140000.0,Gateway Stake 66
2023-09-23 11:52,North Stake Centre,Edmonton North Stake,Griesbach Ward,3,2,43,60.0,1,2,40,60.0,GRIESBACH,Anirniq Ward,6666500.0,Edmonton North Stake 21
2023-09-23 11:52,Riverbend Stake Centre,Riverbend Stake,Terwillegar Park Ward,3,1,19,40.0,0,2,150,50.0,TERWILLEGAR PARK,,738854.8387,Riverbend Stake 19
2023-09-23 11:52,North Stake Centre,Edmonton North Stake,Griesbach Ward,2,1,10,52.0,0,2,120,52.0,GRIESBACH,Anirniq Ward,6666500.0,Edmonton North Stake 22
2023-09-23 11:53,Riverbend Stake Centre,Riverbend Stake,Greenfield Ward,2,1,48,44.0,1,2,208,44.0,GREENFIELD,papastew Ward,295500.0,Riverbend Stake 20
2023-09-23 11:53,Bonnie Doon Stake Centre,Bonnie Doon Stake,Forest Heights Ward,4,0,42,60.0,1,2,194,96.0,FOREST HEIGHTS,MÃÂ©tis Ward,837500.0,Bonnie Doon Stake 63
2023-09-23 11:53,Riverbend Stake Centre,Riverbend Stake,Woodbend Ward,1,2,40,30.0,0,2,220,30.0,WOODBEND,,738854.8387,Riverbend Stake 21
2023-09-23 11:53,Londonderry Chapel,Bonnie Doon Stake,Londonderry Ward,1,1,30,60.0,0,2,100,30.26904762,LONDONDERRY,,837500.0,Bonnie Doon Stake 64
2023-09-23 11:54,Coronation Park Chapel,Bonnie Doon Stake,Coronation Park Ward,2,1,55,110.0,1,2,194,98.0,CORONATION PARK,,837500.0,Bonnie Doon Stake 65
2023-09-23 11:54,Bonnie Doon Stake Centre,Bonnie Doon Stake,Connors Hill Ward,1,1,40,150.0,1,2,180,95.0,CONNORS HILL,,837500.0,Bonnie Doon Stake 66
2023-09-23 11:54,Riverbend Stake Centre,Riverbend Stake,Greenfield Ward,2,0,50,270.0,1,1,210,83.0,GREENFIELD,papastew Ward,295500.0,Riverbend Stake 22
2023-09-23 11:55,Bearspaw Chapel,Gateway Stake,Blackmud Creek Ward,6,5,48,49.0,0,2,162,42.0,BLACKMUD CREEK,Ipiihkoohkanipiaohtsi Ward,503500.0,Gateway Stake 67
2023-09-23 11:55,Bonnie Doon Stake Centre,Bonnie Doon Stake,Forest Heights Ward,2,2,17,51.0,0,2,75,54.0,FOREST HEIGHTS,MÃÂ©tis Ward,837500.0,Bonnie Doon Stake 67
2023-09-23 11:55,Riverbend Stake Centre,Riverbend Stake,Rutherford Ward,2,2,65,90.0,1,2,650,70.0,RUTHERFORD,Ipiihkoohkanipiaohtsi Ward,1154500.0,Riverbend Stake 23
2023-09-23 11:56,Bearspaw Chapel,Gateway Stake,Blackmud Creek Ward,2,2,15,60.0,0,2,100,75.0,BLACKMUD CREEK,Ipiihkoohkanipiaohtsi Ward,503500.0,Gateway Stake 68
2023-09-23 11:56,Gateway Stake Centre,Gateway Stake,Silver Berry Ward,2,3,31,50.0,0,2,180,50.0,SILVER BERRY,Sspomitapi Ward,162000.0,Gateway Stake 69
2023-09-23 11:56,Londonderry Chapel,Bonnie Doon Stake,Clareview Ward,2,0,6,35.0,0,2,110,65.0,CLAREVIEW,,837500.0,Bonnie Doon Stake 68
2023-09-23 11:56,Londonderry Chapel,Bonnie Doon Stake,Londonderry Ward,1,0,30,75.0,1,2,250,30.26904762,LONDONDERRY,,837500.0,Bonnie Doon Stake 69
2023-09-23 11:57,Coronation Park Chapel,Bonnie Doon Stake,Coronation Park Ward,4,0,37,45.0,1,2,194,100.0,CORONATION PARK,,837500.0,Bonnie Doon Stake 70
2023-09-23 11:57,Bearspaw Chapel,Bonnie Doon Stake,Strathcona Married Student Ward,2,1,10,30.0,0,2,90,45.0,STRATHCONA MARRIED STUDENT,,837500.0,Bonnie Doon Stake 71
2023-09-23 11:57,Londonderry Chapel,Bonnie Doon Stake,Londonderry Ward,4,0,17,30.0,0,2,17,30.26904762,LONDONDERRY,,837500.0,Bonnie Doon Stake 72
2023-09-23 11:57,Gateway Stake Centre,Gateway Stake,Ellerslie Ward,2,2,34,28.0,0,2,203,28.0,ELLERSLIE,Karhiio Ward,797500.0,Gateway Stake 70
2023-09-23 11:57,Riverbend Stake Centre,Riverbend Stake,Woodbend Ward,1,1,15,15.0,0,2,8,15.0,WOODBEND,,738854.8387,Riverbend Stake 24
2023-09-23 11:58,Gateway Stake Centre,Gateway Stake,Crawford Plains Ward,24,0,14,24.0,1,2,146,24.0,CRAWFORD PLAINS,Sspomitapi Ward,140000.0,Gateway Stake 71
2023-09-23 11:58,Riverbend Stake Centre,Riverbend Stake,Rabbit Hill Ward,3,0,52,80.0,1,2,313,67.0,RABBIT HILL,,738854.8387,Riverbend Stake 25
2023-09-23 11:58,Gateway Stake Centre,Gateway Stake,Crawford Plains Ward,2,3,50,90.0,1,3,460,90.0,CRAWFORD PLAINS,Sspomitapi Ward,140000.0,Gateway Stake 72
2023-09-23 11:58,Coronation Park Chapel,Bonnie Doon Stake,Coronation Park Ward,2,2,37,57.0,0,2,194,57.0,CORONATION PARK,,837500.0,Bonnie Doon Stake 73
2023-09-23 11:58,North Stake Centre,Edmonton North Stake,Griesbach Ward,2,0,23,30.0,0,2,20,30.0,GRIESBACH,Anirniq Ward,6666500.0,Edmonton North Stake 23
2023-09-23 11:58,Bonnie Doon Stake Centre,Bonnie Doon Stake,Forest Heights Ward,2,3,28,57.0,1,2,200,57.0,FOREST HEIGHTS,MÃÂ©tis Ward,837500.0,Bonnie Doon Stake 74
2023-09-23 11:59,North Stake Centre,Edmonton North Stake,Griesbach Ward,2,2,19,30.0,0,2,100,30.0,GRIESBACH,Anirniq Ward,6666500.0,Edmonton North Stake 24
2023-09-23 11:59,Riverbend Stake Centre,Riverbend Stake,Woodbend Ward,2,0,15,40.0,0,2,80,88.0,WOODBEND,,738854.8387,Riverbend Stake 26
2023-09-23 11:59,Riverbend Stake Centre,Riverbend Stake,Greenfield Ward,2,3,27,60.0,0,2,21,60.0,GREENFIELD,papastew Ward,295500.0,Riverbend Stake 27
2023-09-23 11:59,Bearspaw Chapel,Bonnie Doon Stake,Southgate Ward,2,2,9,60.0,0,2,150,60.0,SOUTHGATE,,837500.0,Bonnie Doon Stake 75
2023-09-23 12:00,Gateway Stake Centre,Gateway Stake,Lee Ridge Ward,2,3,30,35.0,0,2,30,35.0,LEE RIDGE,Karhiio Ward,28618500.0,Gateway Stake 73
2023-09-23 12:00,Riverbend Stake Centre,Riverbend Stake,Woodbend Ward,1,5,70,60.0,0,2,350,60.0,WOODBEND,,738854.8387,Riverbend Stake 28
2023-09-23 12:00,Bearspaw Chapel,Gateway Stake,Blackmud Creek Ward,2,20,20,60.0,0,2,147,60.0,BLACKMUD CREEK,Ipiihkoohkanipiaohtsi Ward,503500.0,Gateway Stake 74
2023-09-23 12:00,Gateway Stake Centre,Gateway Stake,Ellerslie Ward,2,4,14,30.0,0,2,190,31.0,ELLERSLIE,Karhiio Ward,797500.0,Gateway Stake 75
2023-09-23 12:00,Gateway Stake Centre,Gateway Stake,Silver Berry Ward,2,0,38,90.0,0,2,243,90.0,SILVER BERRY,Sspomitapi Ward,162000.0,Gateway Stake 76
2023-09-23 12:01,Bearspaw Chapel,YSA Stake,Windsor Park YSA Ward,1,2,50,60.0,1,2,110,58.0,WINDSOR PARK YSA,,11036008.34,YSA Stake 1
2023-09-23 12:01,Coronation Park Chapel,Bonnie Doon Stake,Coronation Park Ward,1,1,15,60.0,0,2,100,660.0,CORONATION PARK,,837500.0,Bonnie Doon Stake 76
2023-09-23 12:01,Gateway Stake Centre,Gateway Stake,Crawford Plains Ward,2,0,6,18.5,1,2,136,18.0,CRAWFORD PLAINS,Sspomitapi Ward,140000.0,Gateway Stake 77
2023-09-23 12:01,Riverbend Stake Centre,Riverbend Stake,Woodbend Ward,2,1,35,30.0,0,2,179,65.0,WOODBEND,,738854.8387,Riverbend Stake 29
2023-09-23 12:01,Riverbend Stake Centre,Riverbend Stake,Greenfield Ward,2,0,8,20.0,0,2,150,30.0,GREENFIELD,papastew Ward,295500.0,Riverbend Stake 30
2023-09-23 12:01,Gateway Stake Centre,Gateway Stake,Ellerslie Ward,2,4,25,34.0,0,2,198,34.0,ELLERSLIE,Karhiio Ward,797500.0,Gateway Stake 78
2023-09-23 12:02,Londonderry Chapel,Bonnie Doon Stake,Clareview Ward,1,0,38,90.0,1,2,300,114.0,CLAREVIEW,,837500.0,Bonnie Doon Stake 77
2023-09-23 12:02,Londonderry Chapel,Bonnie Doon Stake,Londonderry Ward,2,0,28,45.0,0,2,185,30.26904762,LONDONDERRY,,837500.0,Bonnie Doon Stake 78
2023-09-23 12:02,North Stake Centre,Edmonton North Stake,Griesbach Ward,2,1,21,45.0,1,2,150,45.0,GRIESBACH,Anirniq Ward,6666500.0,Edmonton North Stake 25
2023-09-23 12:02,Riverbend Stake Centre,Riverbend Stake,Rabbit Hill Ward,1,1,30,45.0,0,2,158,40.0,RABBIT HILL,,738854.8387,Riverbend Stake 31
2023-09-23 12:02,Riverbend Stake Centre,Riverbend Stake,Greenfield Ward,2,1,46,60.0,0,2,220,60.0,GREENFIELD,papastew Ward,295500.0,Riverbend Stake 32
2023-09-23 12:02,Gateway Stake Centre,Gateway Stake,Silver Berry Ward,2,1,25,45.0,0,2,230,45.0,SILVER BERRY,Sspomitapi Ward,162000.0,Gateway Stake 79
2023-09-23 12:02,Gateway Stake Centre,Gateway Stake,Ellerslie Ward,2,1,40,60.0,1,1,228,53.0,ELLERSLIE,Karhiio Ward,797500.0,Gateway Stake 80
2023-09-23 12:03,Bearspaw Chapel,Bonnie Doon Stake,Southgate Ward,1,2,31,60.0,0,2,143,55.0,SOUTHGATE,,837500.0,Bonnie Doon Stake 79
2023-09-23 12:03,Bearspaw Chapel,Gateway Stake,Lee Ridge Ward,2,4,24,40.0,0,2,169,40.0,LEE RIDGE,Karhiio Ward,28618500.0,Gateway Stake 81
2023-09-23 12:03,Gateway Stake Centre,Gateway Stake,Crawford Plains Ward,2,0,8,30.0,0,2,144,30.0,CRAWFORD PLAINS,Sspomitapi Ward,140000.0,Gateway Stake 82
2023-09-23 12:03,North Stake Centre,Edmonton North Stake,Griesbach Ward,2,1,17,60.0,0,2,50,75.0,GRIESBACH,Anirniq Ward,6666500.0,Edmonton North Stake 26
2023-09-23 12:03,Gateway Stake Centre,Gateway Stake,Ellerslie Ward,2,4,40,37.0,0,2,207,30.26904762,ELLERSLIE,Karhiio Ward,797500.0,Gateway Stake 83
2023-09-23 12:03,Riverbend Stake Centre,Riverbend Stake,Greenfield Ward,2,0,44,80.0,0,2,200,80.0,GREENFIELD,papastew Ward,295500.0,Riverbend Stake 33
2023-09-23 12:04,Bonnie Doon Stake Centre,Bonnie Doon Stake,Connors Hill Ward,1,0,19,60.0,1,2,280,657.0,CONNORS HILL,,837500.0,Bonnie Doon Stake 80
2023-09-23 12:04,Gateway Stake Centre,Gateway Stake,Crawford Plains Ward,2,0,25,30.0,0,2,150,10.0,CRAWFORD PLAINS,Sspomitapi Ward,140000.0,Gateway Stake 84
2023-09-23 12:04,North Stake Centre,Edmonton North Stake,Griesbach Ward,1,3,30,75.0,0,2,100,645.0,GRIESBACH,Anirniq Ward,6666500.0,Edmonton North Stake 27
2023-09-23 12:04,Bearspaw Chapel,Gateway Stake,Lee Ridge Ward,4,0,24,40.0,0,2,155,45.0,LEE RIDGE,Karhiio Ward,28618500.0,Gateway Stake 85
2023-09-23 12:05,Riverbend Stake Centre,Riverbend Stake,Greenfield Ward,2,4,45,120.0,0,2,45,109.0,GREENFIELD,papastew Ward,295500.0,Riverbend Stake 34
2023-09-23 12:05,Riverbend Stake Centre,Riverbend Stake,Rabbit Hill Ward,2,1,80,70.0,1,2,400,100.0,RABBIT HILL,,738854.8387,Riverbend Stake 35
2023-09-23 12:05,Gateway Stake Centre,Gateway Stake,Silver Berry Ward,2,0,24,60.0,0,2,220,660.0,SILVER BERRY,Sspomitapi Ward,162000.0,Gateway Stake 86
2023-09-23 12:05,Gateway Stake Centre,Gateway Stake,Crawford Plains Ward,1,2,32,60.0,1,2,215,660.0,CRAWFORD PLAINS,Sspomitapi Ward,140000.0,Gateway Stake 87
2023-09-23 12:07,North Stake Centre,Edmonton North Stake,Griesbach Ward,1,0,5,30.0,0,2,40,30.0,GRIESBACH,Anirniq Ward,6666500.0,Edmonton North Stake 28
2023-09-23 12:07,Londonderry Chapel,Bonnie Doon Stake,Clareview Ward,2,4,22,20.0,0,2,194,687.0,CLAREVIEW,,837500.0,Bonnie Doon Stake 81
2023-09-23 12:07,Riverbend Stake Centre,Riverbend Stake,Rutherford Ward,3,0,14,30.0,0,2,159,40.0,RUTHERFORD,Ipiihkoohkanipiaohtsi Ward,1154500.0,Riverbend Stake 36
2023-09-23 12:07,Bonnie Doon Stake Centre,Bonnie Doon Stake,Strathcona Married Student Ward,2,0,14,45.0,0,2,110,35.0,STRATHCONA MARRIED STUDENT,,837500.0,Bonnie Doon Stake 82
2023-09-23 12:07,Riverbend Stake Centre,Riverbend Stake,Terwillegar Park Ward,3,1,34,60.0,0,2,150,96.0,TERWILLEGAR PARK,,738854.8387,Riverbend Stake 37
2023-09-23 12:07,Riverbend Stake Centre,Riverbend Stake,Rutherford Ward,2,0,12,35.0,0,2,159,25.0,RUTHERFORD,Ipiihkoohkanipiaohtsi Ward,1154500.0,Riverbend Stake 38
2023-09-23 12:07,North Stake Centre,Edmonton North Stake,Namao Ward,1,4,22,60.0,0,2,236,90.0,NAMAO,,6666500.0,Edmonton North Stake 29
2023-09-23 12:08,Riverbend Stake Centre,Riverbend Stake,Rutherford Ward,2,2,35,30.0,0,2,207,30.0,RUTHERFORD,Ipiihkoohkanipiaohtsi Ward,1154500.0,Riverbend Stake 39
2023-09-23 12:08,North Stake Centre,Edmonton North Stake,Griesbach Ward,1,5,16,30.0,0,2,120,30.0,GRIESBACH,Anirniq Ward,6666500.0,Edmonton North Stake 30
2023-09-23 12:08,Londonderry Chapel,Bonnie Doon Stake,Clareview Ward,1,4,40,60.0,1,2,400,30.26904762,CLAREVIEW,,837500.0,Bonnie Doon Stake 83
2023-09-23 12:09,Bearspaw Chapel,Bonnie Doon Stake,Southgate Ward,4,0,8,45.0,0,2,194,60.0,SOUTHGATE,,837500.0,Bonnie Doon Stake 84
2023-09-23 12:09,Gateway Stake Centre,Gateway Stake,Lee Ridge Ward,2,3,23,58.0,0,2,23,58.0,LEE RIDGE,Karhiio Ward,28618500.0,Gateway Stake 88
2023-09-23 12:09,Bonnie Doon Stake Centre,Bonnie Doon Stake,Forest Heights Ward,1,3,11,30.0,1,2,170,690.0,FOREST HEIGHTS,MÃÂ©tis Ward,837500.0,Bonnie Doon Stake 85
2023-09-23 12:09,Gateway Stake Centre,Gateway Stake,Crawford Plains Ward,3,1,28,30.0,0,2,123,30.0,CRAWFORD PLAINS,Sspomitapi Ward,140000.0,Gateway Stake 89
2023-09-23 12:09,Riverbend Stake Centre,Riverbend Stake,Terwillegar Park Ward,4,0,25,60.0,0,2,100,660.0,TERWILLEGAR PARK,,738854.8387,Riverbend Stake 40
2023-09-23 12:10,North Stake Centre,Edmonton North Stake,Griesbach Ward,3,0,16,30.0,0,2,75,30.0,GRIESBACH,Anirniq Ward,6666500.0,Edmonton North Stake 31
2023-09-23 12:10,Riverbend Stake Centre,Riverbend Stake,Greenfield Ward,2,2,30,25.0,0,2,196,30.0,GREENFIELD,papastew Ward,295500.0,Riverbend Stake 41
2023-09-23 12:10,Gateway Stake Centre,Gateway Stake,Crawford Plains Ward,1,3,32,52.0,1,1,200,52.0,CRAWFORD PLAINS,Sspomitapi Ward,140000.0,Gateway Stake 90
2023-09-23 12:10,Gateway Stake Centre,Gateway Stake,Crawford Plains Ward,1,1,120,70.0,1,6,900,643.0,CRAWFORD PLAINS,Sspomitapi Ward,140000.0,Gateway Stake 91
2023-09-23 12:11,Gateway Stake Centre,Gateway Stake,Crawford Plains Ward,2,3,40,90.0,1,3,380,90.0,CRAWFORD PLAINS,Sspomitapi Ward,140000.0,Gateway Stake 92
2023-09-23 12:11,Coronation Park Chapel,Bonnie Doon Stake,Coronation Park Ward,2,0,44,60.0,1,2,266,60.0,CORONATION PARK,,837500.0,Bonnie Doon Stake 86
2023-09-23 12:12,Londonderry Chapel,Bonnie Doon Stake,Clareview Ward,2,0,16,60.0,0,2,100,655.0,CLAREVIEW,,837500.0,Bonnie Doon Stake 87
2023-09-23 12:12,Bearspaw Chapel,Gateway Stake,Lee Ridge Ward,2,1,20,50.0,0,2,158,675.0,LEE RIDGE,Karhiio Ward,28618500.0,Gateway Stake 93
2023-09-23 12:12,Gateway Stake Centre,Gateway Stake,Crawford Plains Ward,1,1,25,35.0,0,2,26,685.0,CRAWFORD PLAINS,Sspomitapi Ward,140000.0,Gateway Stake 94
2023-09-23 12:12,Londonderry Chapel,Bonnie Doon Stake,Londonderry Ward,2,2,39,60.0,0,2,194,30.26904762,LONDONDERRY,,837500.0,Bonnie Doon Stake 88
2023-09-23 12:12,Gateway Stake Centre,Gateway Stake,Lee Ridge Ward,2,1,44,60.0,1,1,168,649.0,LEE RIDGE,Karhiio Ward,28618500.0,Gateway Stake 95
2023-09-23 12:13,Gateway Stake Centre,Gateway Stake,Crawford Plains Ward,2,3,24,60.0,0,2,128,60.0,CRAWFORD PLAINS,Sspomitapi Ward,140000.0,Gateway Stake 96
2023-09-23 12:13,Bearspaw Chapel,Bonnie Doon Stake,Southgate Ward,2,1,25,45.0,1,2,256,50.0,SOUTHGATE,,837500.0,Bonnie Doon Stake 89
2023-09-23 12:13,Bearspaw Chapel,Gateway Stake,Lee Ridge Ward,2,0,44,75.0,0,2,125,85.0,LEE RIDGE,Karhiio Ward,28618500.0,Gateway Stake 97
2023-09-23 12:14,Bearspaw Chapel,Gateway Stake,Lee Ridge Ward,2,3,22,35.0,1,2,207,32.0,LEE RIDGE,Karhiio Ward,28618500.0,Gateway Stake 98
2023-09-23 12:14,Gateway Stake Centre,Gateway Stake,Lee Ridge Ward,2,0,20,55.0,0,2,25,55.0,LEE RIDGE,Karhiio Ward,28618500.0,Gateway Stake 99
2023-09-23 12:15,Gateway Stake Centre,Gateway Stake,Ellerslie Ward,2,2,67,100.0,1,3,501,100.0,ELLERSLIE,Karhiio Ward,797500.0,Gateway Stake 100
2023-09-23 12:15,Bearspaw Chapel,Bonnie Doon Stake,Southgate Ward,2,5,15,25.0,0,2,115,636.0,SOUTHGATE,,837500.0,Bonnie Doon Stake 90
2023-09-23 12:15,Gateway Stake Centre,Gateway Stake,Crawford Plains Ward,2,0,36,60.0,1,2,140,647.0,CRAWFORD PLAINS,Sspomitapi Ward,140000.0,Gateway Stake 101
2023-09-23 12:15,Gateway Stake Centre,Gateway Stake,Crawford Plains Ward,2,1,16,30.0,0,2,114,21.0,CRAWFORD PLAINS,Sspomitapi Ward,140000.0,Gateway Stake 102
2023-09-23 12:16,Gateway Stake Centre,Gateway Stake,Ellerslie Ward,3,1,18,23.0,0,2,180,23.0,ELLERSLIE,Karhiio Ward,797500.0,Gateway Stake 103
2023-09-23 12:16,Gateway Stake Centre,Gateway Stake,Crawford Plains Ward,2,0,27,40.0,1,2,267,40.0,CRAWFORD PLAINS,Sspomitapi Ward,140000.0,Gateway Stake 104
2023-09-23 12:16,Bearspaw Chapel,Gateway Stake,Blackmud Creek Ward,3,3,37,60.0,0,2,206,50.0,BLACKMUD CREEK,Ipiihkoohkanipiaohtsi Ward,503500.0,Gateway Stake 105
2023-09-23 12:16,Bearspaw Chapel,Bonnie Doon Stake,Southgate Ward,2,0,12,60.0,0,2,194,60.0,SOUTHGATE,,837500.0,Bonnie Doon Stake 91
2023-09-23 12:17,Londonderry Chapel,Bonnie Doon Stake,Clareview Ward,3,0,150,120.0,1,4,450,65.0,CLAREVIEW,,837500.0,Bonnie Doon Stake 92
2023-09-23 12:17,Gateway Stake Centre,Gateway Stake,Ellerslie Ward,3,1,28,27.0,0,2,184,27.0,ELLERSLIE,Karhiio Ward,797500.0,Gateway Stake 106
2023-09-23 12:17,Londonderry Chapel,Bonnie Doon Stake,Clareview Ward,1,2,25,45.0,0,2,135,30.26904762,CLAREVIEW,,837500.0,Bonnie Doon Stake 93
2023-09-23 12:17,North Stake Centre,Edmonton North Stake,Griesbach Ward,1,0,7,45.0,0,2,40,675.0,GRIESBACH,Anirniq Ward,6666500.0,Edmonton North Stake 32
2023-09-23 12:17,Gateway Stake Centre,Gateway Stake,Silver Berry Ward,2,0,28,90.0,1,2,460,90.0,SILVER BERRY,Sspomitapi Ward,162000.0,Gateway Stake 107
2023-09-23 12:18,Gateway Stake Centre,Gateway Stake,Silver Berry Ward,2,0,17,60.0,0,2,153,665.0,SILVER BERRY,Sspomitapi Ward,162000.0,Gateway Stake 108
2023-09-23 12:19,Londonderry Chapel,Bonnie Doon Stake,Clareview Ward,1,2,20,60.0,0,2,110,613.0,CLAREVIEW,,837500.0,Bonnie Doon Stake 94
2023-09-23 12:19,Gateway Stake Centre,Gateway Stake,Silver Berry Ward,2,4,59,105.0,1,2,492,615.0,SILVER BERRY,Sspomitapi Ward,162000.0,Gateway Stake 109
2023-09-23 12:19,Gateway Stake Centre,Gateway Stake,Silver Berry Ward,2,0,17,60.0,0,2,235,78.0,SILVER BERRY,Sspomitapi Ward,162000.0,Gateway Stake 110
2023-09-23 12:20,Riverbend Stake Centre,Riverbend Stake,Rabbit Hill Ward,2,1,100,90.0,1,3,482,137.0,RABBIT HILL,,738854.8387,Riverbend Stake 42
2023-09-23 12:20,Gateway Stake Centre,Gateway Stake,Ellerslie Ward,2,3,65,65.0,1,3,65,65.0,ELLERSLIE,Karhiio Ward,797500.0,Gateway Stake 111
2023-09-23 12:20,Gateway Stake Centre,Gateway Stake,Ellerslie Ward,26,3,25,35.0,0,2,19,687.0,ELLERSLIE,Karhiio Ward,797500.0,Gateway Stake 112
2023-09-23 12:20,Londonderry Chapel,Bonnie Doon Stake,Londonderry Ward,2,0,15,20.0,0,2,50,30.26904762,LONDONDERRY,,837500.0,Bonnie Doon Stake 95
2023-09-23 12:21,Riverbend Stake Centre,Riverbend Stake,Rutherford Ward,2,0,19,65.0,0,2,174,65.0,RUTHERFORD,Ipiihkoohkanipiaohtsi Ward,1154500.0,Riverbend Stake 43
2023-09-23 12:21,Londonderry Chapel,Bonnie Doon Stake,Clareview Ward,1,2,20,20.0,0,2,194,641.0,CLAREVIEW,,837500.0,Bonnie Doon Stake 96
2023-09-23 12:21,Gateway Stake Centre,Gateway Stake,Silver Berry Ward,2,2,36,35.0,0,2,216,35.0,SILVER BERRY,Sspomitapi Ward,162000.0,Gateway Stake 113
2023-09-23 12:21,North Stake Centre,Edmonton North Stake,Griesbach Ward,1,1,14,60.0,0,2,135,70.0,GRIESBACH,Anirniq Ward,6666500.0,Edmonton North Stake 33
2023-09-23 12:21,Gateway Stake Centre,Gateway Stake,Silver Berry Ward,2,2,60,80.0,1,2,366,620.0,SILVER BERRY,Sspomitapi Ward,162000.0,Gateway Stake 114
2023-09-23 12:22,Londonderry Chapel,Bonnie Doon Stake,Clareview Ward,3,1,30,60.0,0,2,194,30.26904762,CLAREVIEW,,837500.0,Bonnie Doon Stake 97
2023-09-23 12:22,Londonderry Chapel,Bonnie Doon Stake,Londonderry Ward,2,0,35,75.0,1,3,75,665.0,LONDONDERRY,,837500.0,Bonnie Doon Stake 98
2023-09-23 12:22,Gateway Stake Centre,Gateway Stake,Silver Berry Ward,1,2,24,30.0,0,2,244,28.0,SILVER BERRY,Sspomitapi Ward,162000.0,Gateway Stake 115
2023-09-23 12:24,Londonderry Chapel,Bonnie Doon Stake,Clareview Ward,2,2,60,60.0,1,3,165,30.26904762,CLAREVIEW,,837500.0,Bonnie Doon Stake 99
2023-09-23 12:25,North Stake Centre,Edmonton North Stake,Namao Ward,1,3,30,35.0,0,2,272,35.0,NAMAO,,6666500.0,Edmonton North Stake 34
2023-09-23 12:25,Riverbend Stake Centre,Riverbend Stake,Rabbit Hill Ward,2,8,200,240.0,1,8,1420,120.0,RABBIT HILL,,738854.8387,Riverbend Stake 44
2023-09-23 12:25,Bearspaw Chapel,Gateway Stake,Beaumont Ward,2,2,20,45.0,1,2,200,610.0,BEAUMONT,,6706200.535,Gateway Stake 116
2023-09-23 12:25,Gateway Stake Centre,Gateway Stake,Crawford Plains Ward,2,3,25,40.0,0,2,60,38.0,CRAWFORD PLAINS,Sspomitapi Ward,140000.0,Gateway Stake 117
2023-09-23 12:25,Bearspaw Chapel,Gateway Stake,Lee Ridge Ward,1,4,30,45.0,0,2,160,675.0,LEE RIDGE,Karhiio Ward,28618500.0,Gateway Stake 118
2023-09-23 12:26,Bearspaw Chapel,Gateway Stake,Blackmud Creek Ward,2,4,18,45.0,0,2,154,45.0,BLACKMUD CREEK,Ipiihkoohkanipiaohtsi Ward,503500.0,Gateway Stake 119
2023-09-23 12:26,North Stake Centre,Edmonton North Stake,Griesbach Ward,2,4,80,110.0,1,5,500,615.0,GRIESBACH,Anirniq Ward,6666500.0,Edmonton North Stake 35
2023-09-23 12:27,Bearspaw Chapel,Gateway Stake,Lee Ridge Ward,1,1,20,60.0,0,2,161,665.0,LEE RIDGE,Karhiio Ward,28618500.0,Gateway Stake 120
2023-09-23 12:28,Gateway Stake Centre,Gateway Stake,Silver Berry Ward,3,5,66,115.0,1,3,654,593.0,SILVER BERRY,Sspomitapi Ward,162000.0,Gateway Stake 121
2023-09-23 12:28,Riverbend Stake Centre,Riverbend Stake,Woodbend Ward,2,0,20,60.0,0,2,137,60.0,WOODBEND,,738854.8387,Riverbend Stake 45
2023-09-23 12:28,Bearspaw Chapel,Bonnie Doon Stake,Southgate Ward,2,4,45,90.0,1,2,194,655.0,SOUTHGATE,,837500.0,Bonnie Doon Stake 100
2023-09-23 12:28,Londonderry Chapel,Bonnie Doon Stake,Londonderry Ward,1,1,12,60.0,1,1,194,45.0,LONDONDERRY,,837500.0,Bonnie Doon Stake 101
2023-09-23 12:28,Londonderry Chapel,Bonnie Doon Stake,Clareview Ward,1,0,55,180.0,0,2,225,30.26904762,CLAREVIEW,,837500.0,Bonnie Doon Stake 102
2023-09-23 12:28,Gateway Stake Centre,Gateway Stake,Crawford Plains Ward,1,2,17,40.0,1,1,113,50.0,CRAWFORD PLAINS,Sspomitapi Ward,140000.0,Gateway Stake 122
2023-09-23 12:29,Bearspaw Chapel,Gateway Stake,Blackmud Creek Ward,2,3,50,45.0,0,2,240,45.0,BLACKMUD CREEK,Ipiihkoohkanipiaohtsi Ward,503500.0,Gateway Stake 123
2023-09-23 12:30,Bearspaw Chapel,Gateway Stake,Lee Ridge Ward,1,1,23,30.0,0,2,194,30.0,LEE RIDGE,Karhiio Ward,28618500.0,Gateway Stake 124
2023-09-23 12:30,Gateway Stake Centre,Gateway Stake,Ellerslie Ward,2,3,30,62.0,0,2,200,63.0,ELLERSLIE,Karhiio Ward,797500.0,Gateway Stake 125
2023-09-23 12:30,Londonderry Chapel,Bonnie Doon Stake,Londonderry Ward,2,0,5,15.0,0,2,218,30.26904762,LONDONDERRY,,837500.0,Bonnie Doon Stake 103
2023-09-23 12:31,Bearspaw Chapel,Gateway Stake,Lee Ridge Ward,2,1,21,35.0,0,2,139,32.0,LEE RIDGE,Karhiio Ward,28618500.0,Gateway Stake 126
2023-09-23 12:31,Gateway Stake Centre,Gateway Stake,Ellerslie Ward,2,4,50,45.0,0,2,236,60.0,ELLERSLIE,Karhiio Ward,797500.0,Gateway Stake 127
2023-09-23 12:32,Riverbend Stake Centre,Riverbend Stake,Rabbit Hill Ward,1,1,43,60.0,0,2,208,65.0,RABBIT HILL,,738854.8387,Riverbend Stake 46
2023-09-23 12:32,Gateway Stake Centre,Gateway Stake,Silver Berry Ward,2,3,25,40.0,0,2,118,48.0,SILVER BERRY,Sspomitapi Ward,162000.0,Gateway Stake 128
2023-09-23 12:32,Gateway Stake Centre,Gateway Stake,Silver Berry Ward,1,0,29,69.0,0,2,266,660.0,SILVER BERRY,Sspomitapi Ward,162000.0,Gateway Stake 129
2023-09-23 12:32,Gateway Stake Centre,Gateway Stake,Ellerslie Ward,2,0,40,65.0,0,2,239,655.0,ELLERSLIE,Karhiio Ward,797500.0,Gateway Stake 130
2023-09-23 12:33,Gateway Stake Centre,Gateway Stake,Silver Berry Ward,2,2,85,90.0,1,3,585,630.0,SILVER BERRY,Sspomitapi Ward,162000.0,Gateway Stake 131
2023-09-23 12:35,Bearspaw Chapel,Gateway Stake,Lee Ridge Ward,2,1,30,40.0,1,2,165,90.0,LEE RIDGE,Karhiio Ward,28618500.0,Gateway Stake 132
2023-09-23 12:35,Gateway Stake Centre,Gateway Stake,Ellerslie Ward,1,1,18,26.0,0,2,201,25.0,ELLERSLIE,Karhiio Ward,797500.0,Gateway Stake 133
2023-09-23 12:35,Bearspaw Chapel,Bonnie Doon Stake,Strathcona Married Student Ward,1,0,13,60.0,0,2,194,61.0,STRATHCONA MARRIED STUDENT,,837500.0,Bonnie Doon Stake 104
2023-09-23 12:36,Gateway Stake Centre,Gateway Stake,Lee Ridge Ward,2,2,20,45.0,0,2,151,597.0,LEE RIDGE,Karhiio Ward,28618500.0,Gateway Stake 134
2023-09-23 12:36,North Stake Centre,Edmonton North Stake,Griesbach Ward,2,0,93,120.0,1,3,552,600.0,GRIESBACH,Anirniq Ward,6666500.0,Edmonton North Stake 36
2023-09-23 12:36,Gateway Stake Centre,Gateway Stake,Silver Berry Ward,2,3,22,40.0,0,2,118,680.0,SILVER BERRY,Sspomitapi Ward,162000.0,Gateway Stake 135
2023-09-23 12:36,Riverbend Stake Centre,Riverbend Stake,Drayton Valley Ward,4,0,80,120.0,1,4,400,90.0,DRAYTON VALLEY,,738854.8387,Riverbend Stake 47
2023-09-23 12:36,Gateway Stake Centre,Gateway Stake,Silver Berry Ward,2,2,29,45.0,0,2,342,45.0,SILVER BERRY,Sspomitapi Ward,162000.0,Gateway Stake 136
2023-09-23 12:37,Bearspaw Chapel,Gateway Stake,Lee Ridge Ward,2,1,35,40.0,1,2,172,60.0,LEE RIDGE,Karhiio Ward,28618500.0,Gateway Stake 137
2023-09-23 12:37,Bearspaw Chapel,Gateway Stake,Lee Ridge Ward,1,0,23,60.0,0,2,163,90.0,LEE RIDGE,Karhiio Ward,28618500.0,Gateway Stake 138
2023-09-23 12:37,Gateway Stake Centre,Gateway Stake,Silver Berry Ward,2,2,17,37.0,0,2,186,37.0,SILVER BERRY,Sspomitapi Ward,162000.0,Gateway Stake 139
2023-09-23 12:38,Bearspaw Chapel,Bonnie Doon Stake,Southgate Ward,2,0,22,30.0,0,2,145,45.0,SOUTHGATE,,837500.0,Bonnie Doon Stake 105
2023-09-23 12:38,Riverbend Stake Centre,Riverbend Stake,Rutherford Ward,2,0,8,15.0,0,2,68,38.0,RUTHERFORD,Ipiihkoohkanipiaohtsi Ward,1154500.0,Riverbend Stake 48
2023-09-23 12:38,Bearspaw Chapel,Bonnie Doon Stake,Strathcona Married Student Ward,2,0,11,38.0,0,2,158,43.0,STRATHCONA MARRIED STUDENT,,837500.0,Bonnie Doon Stake 106
2023-09-23 12:39,Gateway Stake Centre,Gateway Stake,Silver Berry Ward,6,0,20,30.0,0,2,300,30.0,SILVER BERRY,Sspomitapi Ward,162000.0,Gateway Stake 140
2023-09-23 12:39,Bearspaw Chapel,Bonnie Doon Stake,Southgate Ward,2,3,60,90.0,1,2,257,630.0,SOUTHGATE,,837500.0,Bonnie Doon Stake 107
2023-09-23 12:39,Riverbend Stake Centre,Riverbend Stake,Terwillegar Park Ward,2,1,80,60.0,1,2,300,640.0,TERWILLEGAR PARK,,738854.8387,Riverbend Stake 49
2023-09-23 12:39,Londonderry Chapel,Bonnie Doon Stake,Clareview Ward,2,1,42,110.0,1,2,191,608.0,CLAREVIEW,,837500.0,Bonnie Doon Stake 108
2023-09-23 12:41,Bearspaw Chapel,Gateway Stake,Lee Ridge Ward,2,3,32,30.0,0,2,157,675.0,LEE RIDGE,Karhiio Ward,28618500.0,Gateway Stake 141
2023-09-23 12:41,Riverbend Stake Centre,Riverbend Stake,Woodbend Ward,2,2,54,90.0,0,2,350,100.0,WOODBEND,,738854.8387,Riverbend Stake 50
2023-09-23 12:41,Riverbend Stake Centre,Riverbend Stake,Rabbit Hill Ward,3,1,100,105.0,1,2,80,30.26904762,RABBIT HILL,,738854.8387,Riverbend Stake 51
2023-09-23 12:42,Londonderry Chapel,Bonnie Doon Stake,Clareview Ward,4,0,200,240.0,1,7,607,30.26904762,CLAREVIEW,,837500.0,Bonnie Doon Stake 109
2023-09-23 12:42,Londonderry Chapel,Bonnie Doon Stake,Clareview Ward,3,1,25,60.0,0,2,25,30.26904762,CLAREVIEW,,837500.0,Bonnie Doon Stake 110
2023-09-23 12:42,Gateway Stake Centre,Gateway Stake,Rio Vista Ward,2,1,45,60.0,1,2,36,54.0,RIO VISTA,,6706200.535,Gateway Stake 142
2023-09-23 12:42,Riverbend Stake Centre,Riverbend Stake,Rabbit Hill Ward,3,1,110,120.0,1,3,430,100.0,RABBIT HILL,,738854.8387,Riverbend Stake 52
2023-09-23 12:43,Bearspaw Chapel,Bonnie Doon Stake,Southgate Ward,2,0,58,75.0,1,3,194,70.0,SOUTHGATE,,837500.0,Bonnie Doon Stake 111
2023-09-23 12:43,Riverbend Stake Centre,Riverbend Stake,Greenfield Ward,2,3,39,120.0,0,2,110,109.0,GREENFIELD,papastew Ward,295500.0,Riverbend Stake 53
2023-09-23 12:44,Gateway Stake Centre,Gateway Stake,Lee Ridge Ward,2,2,35,80.0,1,2,330,640.0,LEE RIDGE,Karhiio Ward,28618500.0,Gateway Stake 143
2023-09-23 12:44,Riverbend Stake Centre,Riverbend Stake,Woodbend Ward,2,3,88,40.0,0,2,380,15.0,WOODBEND,,738854.8387,Riverbend Stake 54
2023-09-23 12:44,Riverbend Stake Centre,Riverbend Stake,Rutherford Ward,1,3,12,30.0,0,2,142,690.0,RUTHERFORD,Ipiihkoohkanipiaohtsi Ward,1154500.0,Riverbend Stake 55
2023-09-23 12:45,Gateway Stake Centre,Gateway Stake,Silver Berry Ward,3,4,33,30.0,1,3,206,690.0,SILVER BERRY,Sspomitapi Ward,162000.0,Gateway Stake 144
2023-09-23 12:45,Bearspaw Chapel,Gateway Stake,Blackmud Creek Ward,3,0,30,45.0,0,2,171,45.0,BLACKMUD CREEK,Ipiihkoohkanipiaohtsi Ward,503500.0,Gateway Stake 145
2023-09-23 12:46,North Stake Centre,Edmonton North Stake,Griesbach Ward,3,0,60,120.0,1,2,380,140.0,GRIESBACH,Anirniq Ward,6666500.0,Edmonton North Stake 37
2023-09-23 12:46,Bearspaw Chapel,Gateway Stake,Blackmud Creek Ward,4,5,14,30.0,0,2,194,30.0,BLACKMUD CREEK,Ipiihkoohkanipiaohtsi Ward,503500.0,Gateway Stake 146
2023-09-23 12:47,Gateway Stake Centre,Gateway Stake,Lee Ridge Ward,2,0,23,25.0,0,2,160,25.0,LEE RIDGE,Karhiio Ward,28618500.0,Gateway Stake 147
2023-09-23 12:47,Gateway Stake Centre,Gateway Stake,Ellerslie Ward,1,1,45,90.0,1,1,180,90.0,ELLERSLIE,Karhiio Ward,797500.0,Gateway Stake 148
2023-09-23 12:47,Riverbend Stake Centre,Riverbend Stake,Rabbit Hill Ward,2,4,80,105.0,1,4,74,615.0,RABBIT HILL,,738854.8387,Riverbend Stake 56
2023-09-23 12:48,Bearspaw Chapel,Bonnie Doon Stake,Southgate Ward,2,3,20,45.0,0,2,147,45.0,SOUTHGATE,,837500.0,Bonnie Doon Stake 112
2023-09-23 12:48,Riverbend Stake Centre,Riverbend Stake,Greenfield Ward,2,0,100,90.0,1,2,500,625.0,GREENFIELD,papastew Ward,295500.0,Riverbend Stake 57
2023-09-23 12:48,Bearspaw Chapel,Gateway Stake,Blackmud Creek Ward,3,0,8,30.0,0,2,60,30.0,BLACKMUD CREEK,Ipiihkoohkanipiaohtsi Ward,503500.0,Gateway Stake 149
2023-09-23 12:49,Riverbend Stake Centre,Riverbend Stake,Rutherford Ward,5,0,28,60.0,1,2,260,92.0,RUTHERFORD,Ipiihkoohkanipiaohtsi Ward,1154500.0,Riverbend Stake 58
2023-09-23 12:49,Bearspaw Chapel,Gateway Stake,Lee Ridge Ward,3,4,14,60.0,1,2,147,85.0,LEE RIDGE,Karhiio Ward,28618500.0,Gateway Stake 150
2023-09-23 12:49,Riverbend Stake Centre,Riverbend Stake,Woodbend Ward,2,2,65,80.0,1,2,200,80.0,WOODBEND,,738854.8387,Riverbend Stake 59
2023-09-23 12:50,Bearspaw Chapel,Gateway Stake,Lee Ridge Ward,3,4,25,35.0,1,2,166,634.0,LEE RIDGE,Karhiio Ward,28618500.0,Gateway Stake 151
2023-09-23 12:50,Riverbend Stake Centre,Riverbend Stake,Rutherford Ward,2,2,67,60.0,1,2,377,60.0,RUTHERFORD,Ipiihkoohkanipiaohtsi Ward,1154500.0,Riverbend Stake 60
2023-09-23 12:51,Riverbend Stake Centre,Riverbend Stake,Rutherford Ward,3,0,34,90.0,1,2,246,630.0,RUTHERFORD,Ipiihkoohkanipiaohtsi Ward,1154500.0,Riverbend Stake 61
2023-09-23 12:51,Bearspaw Chapel,Gateway Stake,Blackmud Creek Ward,4,9,32,75.0,0,2,178,75.0,BLACKMUD CREEK,Ipiihkoohkanipiaohtsi Ward,503500.0,Gateway Stake 152
2023-09-23 12:51,Gateway Stake Centre,Gateway Stake,Ellerslie Ward,1,1,25,25.0,0,2,226,25.0,ELLERSLIE,Karhiio Ward,797500.0,Gateway Stake 153
2023-09-23 12:52,Riverbend Stake Centre,Riverbend Stake,Terwillegar Park Ward,1,1,125,150.0,1,3,650,170.0,TERWILLEGAR PARK,,738854.8387,Riverbend Stake 62
2023-09-23 12:53,North Stake Centre,Edmonton North Stake,Namao Ward,2,2,145,150.0,1,5,2500,570.0,NAMAO,,6666500.0,Edmonton North Stake 38
2023-09-23 12:53,Riverbend Stake Centre,Riverbend Stake,Rutherford Ward,2,2,40,75.0,0,2,215,655.0,RUTHERFORD,Ipiihkoohkanipiaohtsi Ward,1154500.0,Riverbend Stake 63
2023-09-23 12:55,Riverbend Stake Centre,Riverbend Stake,Terwillegar Park Ward,3,3,40,60.0,1,2,280,60.0,TERWILLEGAR PARK,,738854.8387,Riverbend Stake 64
2023-09-23 12:55,Riverbend Stake Centre,Riverbend Stake,Woodbend Ward,2,0,20,70.0,0,2,160,75.0,WOODBEND,,738854.8387,Riverbend Stake 65
2023-09-23 12:56,Riverbend Stake Centre,Riverbend Stake,Rabbit Hill Ward,4,0,65,60.0,0,2,300,605.0,RABBIT HILL,,738854.8387,Riverbend Stake 66
2023-09-23 12:56,Gateway Stake Centre,Gateway Stake,Crawford Plains Ward,2,2,52,125.0,1,3,324,105.0,CRAWFORD PLAINS,Sspomitapi Ward,140000.0,Gateway Stake 154
2023-09-23 12:56,Bearspaw Chapel,Gateway Stake,Lee Ridge Ward,0,2,20,120.0,1,2,163,655.0,LEE RIDGE,Karhiio Ward,28618500.0,Gateway Stake 155
2023-09-23 12:56,Bearspaw Chapel,Gateway Stake,Lee Ridge Ward,0,2,20,60.0,1,2,168,65.0,LEE RIDGE,Karhiio Ward,28618500.0,Gateway Stake 156
2023-09-23 12:57,Gateway Stake Centre,Gateway Stake,Crawford Plains Ward,2,2,37,140.0,1,3,321,140.0,CRAWFORD PLAINS,Sspomitapi Ward,140000.0,Gateway Stake 157
2023-09-23 12:59,Riverbend Stake Centre,Riverbend Stake,Rabbit Hill Ward,4,0,56,120.0,1,2,200,103.0,RABBIT HILL,,738854.8387,Riverbend Stake 67
2023-09-23 12:59,Riverbend Stake Centre,Riverbend Stake,Rutherford Ward,2,0,35,90.0,1,2,240,75.0,RUTHERFORD,Ipiihkoohkanipiaohtsi Ward,1154500.0,Riverbend Stake 68
2023-09-23 13:00,North Stake Centre,Edmonton North Stake,Namao Ward,1,3,22,40.0,0,2,172,40.0,NAMAO,,6666500.0,Edmonton North Stake 39
2023-09-23 13:01,Gateway Stake Centre,Gateway Stake,Ellerslie Ward,2,5,39,45.0,1,2,466,45.0,ELLERSLIE,Karhiio Ward,797500.0,Gateway Stake 158
2023-09-23 13:01,Bearspaw Chapel,Gateway Stake,Lee Ridge Ward,1,0,18,120.0,1,2,40,120.0,LEE RIDGE,Karhiio Ward,28618500.0,Gateway Stake 159
2023-09-23 13:02,Bearspaw Chapel,Gateway Stake,Lee Ridge Ward,3,0,22,1.5,1,2,158,180.0,LEE RIDGE,Karhiio Ward,28618500.0,Gateway Stake 160
2023-09-23 13:03,Bearspaw Chapel,Gateway Stake,Blackmud Creek Ward,1,4,41,25.0,0,2,260,70.0,BLACKMUD CREEK,Ipiihkoohkanipiaohtsi Ward,503500.0,Gateway Stake 161
2023-09-23 13:05,Riverbend Stake Centre,Riverbend Stake,Rabbit Hill Ward,1,0,25,80.0,1,2,273,615.0,RABBIT HILL,,738854.8387,Riverbend Stake 69
2023-09-23 13:05,Londonderry Chapel,Bonnie Doon Stake,Clareview Ward,2,0,1,30.0,0,2,100,754.0,CLAREVIEW,,837500.0,Bonnie Doon Stake 113
2023-09-23 13:06,Gateway Stake Centre,Gateway Stake,Ellerslie Ward,1,2,10,30.0,0,2,205,750.0,ELLERSLIE,Karhiio Ward,797500.0,Gateway Stake 162
2023-09-23 13:06,Bearspaw Chapel,Gateway Stake,Blackmud Creek Ward,2,3,42,30.0,0,2,95,53.0,BLACKMUD CREEK,Ipiihkoohkanipiaohtsi Ward,503500.0,Gateway Stake 163
2023-09-23 13:08,Gateway Stake Centre,Gateway Stake,Ellerslie Ward,2,5,25,45.0,0,2,200,45.0,ELLERSLIE,Karhiio Ward,797500.0,Gateway Stake 164
2023-09-23 13:12,North Stake Centre,Edmonton North Stake,Griesbach Ward,2,0,70,150.0,1,3,400,120.0,GRIESBACH,Anirniq Ward,6666500.0,Edmonton North Stake 40
2023-09-23 13:16,North Stake Centre,Edmonton North Stake,Griesbach Ward,2,0,69,150.0,1,3,400,145.0,GRIESBACH,Anirniq Ward,6666500.0,Edmonton North Stake 41
2023-09-23 13:16,Bearspaw Chapel,Gateway Stake,Blackmud Creek Ward,33,4,19,20.0,1,2,109,20.0,BLACKMUD CREEK,Ipiihkoohkanipiaohtsi Ward,503500.0,Gateway Stake 165
2023-09-23 13:18,Bearspaw Chapel,Gateway Stake,Blackmud Creek Ward,1,4,12,20.0,1,2,178,20.0,BLACKMUD CREEK,Ipiihkoohkanipiaohtsi Ward,503500.0,Gateway Stake 166
2023-09-23 13:20,North Stake Centre,Edmonton North Stake,Namao Ward,2,0,45,170.0,0,2,316,165.0,NAMAO,,6666500.0,Edmonton North Stake 42
2023-09-23 13:23,North Stake Centre,Edmonton North Stake,Griesbach Ward,1,0,17,15.0,0,2,140,15.0,GRIESBACH,Anirniq Ward,6666500.0,Edmonton North Stake 43
2023-09-23 13:23,North Stake Centre,Edmonton North Stake,Namao Ward,1,4,24,40.0,0,2,211,680.0,NAMAO,,6666500.0,Edmonton North Stake 44
2023-09-23 13:25,Gateway Stake Centre,Gateway Stake,Silver Berry Ward,1,3,77,120.0,1,2,472,120.0,SILVER BERRY,Sspomitapi Ward,162000.0,Gateway Stake 167
2023-09-23 13:26,Gateway Stake Centre,Gateway Stake,Silver Berry Ward,1,1,14,45.0,0,2,150,45.0,SILVER BERRY,Sspomitapi Ward,162000.0,Gateway Stake 168
2023-09-23 13:29,Gateway Stake Centre,Gateway Stake,Crawford Plains Ward,2,2,124,165.0,1,6,759,165.0,CRAWFORD PLAINS,Sspomitapi Ward,140000.0,Gateway Stake 169
2023-09-23 13:29,Riverbend Stake Centre,Riverbend Stake,Woodbend Ward,2,3,25,45.0,0,2,150,75.0,WOODBEND,,738854.8387,Riverbend Stake 70
2023-09-23 13:30,Bearspaw Chapel,Gateway Stake,Lee Ridge Ward,1,2,15,45.0,1,2,162,110.0,LEE RIDGE,Karhiio Ward,28618500.0,Gateway Stake 170
2023-09-23 13:30,Gateway Stake Centre,Gateway Stake,Rio Vista Ward,5,8,33,80.0,1,3,397,80.0,RIO VISTA,,6706200.535,Gateway Stake 171
2023-09-23 13:32,Gateway Stake Centre,Gateway Stake,Ellerslie Ward,2,1,50,135.0,1,2,419,135.0,ELLERSLIE,Karhiio Ward,797500.0,Gateway Stake 172
2023-09-23 13:32,Bearspaw Chapel,Gateway Stake,Lee Ridge Ward,1,2,25,45.0,0,2,160,120.0,LEE RIDGE,Karhiio Ward,28618500.0,Gateway Stake 173
2023-09-23 13:34,Gateway Stake Centre,Gateway Stake,Crawford Plains Ward,1,1,12,60.0,0,2,92,60.0,CRAWFORD PLAINS,Sspomitapi Ward,140000.0,Gateway Stake 174
2023-09-23 13:46,Gateway Stake Centre,Gateway Stake,Ellerslie Ward,2,2,20,60.0,0,2,197,60.0,ELLERSLIE,Karhiio Ward,797500.0,Gateway Stake 175
2023-09-23 13:47,Bearspaw Chapel,Gateway Stake,Lee Ridge Ward,2,1,14,90.0,0,2,147,90.0,LEE RIDGE,Karhiio Ward,28618500.0,Gateway Stake 176
2023-09-23 13:48,Bearspaw Chapel,Gateway Stake,Blackmud Creek Ward,1,4,13,35.0,0,2,177,40.0,BLACKMUD CREEK,Ipiihkoohkanipiaohtsi Ward,503500.0,Gateway Stake 177
2023-09-23 13:55,Bearspaw Chapel,Gateway Stake,Lee Ridge Ward,3,2,68,112.0,1,3,466,575.0,LEE RIDGE,Karhiio Ward,28618500.0,Gateway Stake 178
2023-09-23 13:58,Bearspaw Chapel,Bonnie Doon Stake,Southgate Ward,5,3,555,90.0,1,3,200,90.0,SOUTHGATE,,837500.0,Bonnie Doon Stake 114
2023-09-23 14:21,Bearspaw Chapel,Bonnie Doon Stake,Southgate Ward,1,0,17,30.0,0,2,13,35.0,SOUTHGATE,,837500.0,Bonnie Doon Stake 115
2023-09-23 14:25,Bearspaw Chapel,Gateway Stake,Blackmud Creek Ward,2,0,19,45.0,0,2,110,220.0,BLACKMUD CREEK,Ipiihkoohkanipiaohtsi Ward,503500.0,Gateway Stake 179
2023-09-23 14:27,Bearspaw Chapel,Gateway Stake,Blackmud Creek Ward,2,2,32,60.0,0,2,174,645.0,BLACKMUD CREEK,Ipiihkoohkanipiaohtsi Ward,503500.0,Gateway Stake 180
2023-09-23 14:42,Bearspaw Chapel,Gateway Stake,Blackmud Creek Ward,2,0,16,20.0,0,2,67,30.0,BLACKMUD CREEK,Ipiihkoohkanipiaohtsi Ward,503500.0,Gateway Stake 181
2023-09-23 15:40,Gateway Stake Centre,Gateway Stake,Silver Berry Ward,38,2,29,45.0,1,2,339,45.0,SILVER BERRY,Sspomitapi Ward,162000.0,Gateway Stake 182
2023-09-23 15:42,Gateway Stake Centre,Gateway Stake,Silver Berry Ward,2,2,17,37.0,1,2,197,37.0,SILVER BERRY,Sspomitapi Ward,162000.0,Gateway Stake 183
2023-09-23 16:48,Bearspaw Chapel,Gateway Stake,Blackmud Creek Ward,2,0,20,60.0,0,2,123,660.0,BLACKMUD CREEK,Ipiihkoohkanipiaohtsi Ward,503500.0,Gateway Stake 184
2023-09-23 19:01,Bearspaw Chapel,Gateway Stake,Blackmud Creek Ward,2,3,49,60.0,1,2,241,89.0,BLACKMUD CREEK,Ipiihkoohkanipiaohtsi Ward,503500.0,Gateway Stake 185
2023-09-23 19:02,Bearspaw Chapel,Gateway Stake,Blackmud Creek Ward,2,0,21,40.0,0,2,109,40.0,BLACKMUD CREEK,Ipiihkoohkanipiaohtsi Ward,503500.0,Gateway Stake 186
2023-09-23 19:05,Bearspaw Chapel,Gateway Stake,Blackmud Creek Ward,2,2,25,10.0,0,2,190,50.0,BLACKMUD CREEK,Ipiihkoohkanipiaohtsi Ward,503500.0,Gateway Stake 187
2023-09-23 19:19,Bearspaw Chapel,Gateway Stake,Blackmud Creek Ward,3,4,40,35.0,0,2,155,180.0,BLACKMUD CREEK,Ipiihkoohkanipiaohtsi Ward,503500.0,Gateway Stake 188
2023-09-23 19:26,Parkland (Spruce Grove/Stony Plain),Edmonton North Stake,Stony Plain Ward,2,5,20,20.0,0,2,115,150.0,STONY PLAIN,,6666500.0,Edmonton North Stake 45
2023-09-23 19:54,Riverbend Stake Centre,Riverbend Stake,Greenfield Ward,2,10,29,40.0,1,3,200,40.0,GREENFIELD,papastew Ward,295500.0,Riverbend Stake 71
2023-09-23 19:57,Riverbend Stake Centre,Riverbend Stake,Terwillegar Park Ward,2,4,29,40.0,1,3,174,40.0,TERWILLEGAR PARK,,738854.8387,Riverbend Stake 72
2023-09-23 19:59,Riverbend Stake Centre,Riverbend Stake,Terwillegar Park Ward,2,4,39,80.0,1,3,262,80.0,TERWILLEGAR PARK,,738854.8387,Riverbend Stake 73
2023-09-23 19:59,Bearspaw Chapel,Gateway Stake,Blackmud Creek Ward,2,2,25,75.0,0,2,202,75.0,BLACKMUD CREEK,Ipiihkoohkanipiaohtsi Ward,503500.0,Gateway Stake 189
2023-09-23 21:44,Bearspaw Chapel,Bonnie Doon Stake,Southgate Ward,4,5,34,55.0,0,2,157,55.0,SOUTHGATE,,837500.0,Bonnie Doon Stake 116
2023-09-23 22:22,Bearspaw Chapel,Gateway Stake,Lee Ridge Ward,2,0,28,70.0,0,2,142,60.0,LEE RIDGE,Karhiio Ward,28618500.0,Gateway Stake 190
2023-09-23 22:56,Gateway Stake Centre,Gateway Stake,Crawford Plains Ward,2,0,150,150.0,1,6,194,150.0,CRAWFORD PLAINS,Sspomitapi Ward,140000.0,Gateway Stake 191
2023-09-24 7:41,Parkland (Spruce Grove/Stony Plain),Edmonton North Stake,Stony Plain Ward,1,0,16,30.0,0,2,194,30.0,STONY PLAIN,,6666500.0,Edmonton North Stake 46
2023-09-24 9:22,Bearspaw Chapel,Bonnie Doon Stake,Southgate Ward,4,0,14,45.0,0,2,13,45.0,SOUTHGATE,,837500.0,Bonnie Doon Stake 117
2023-09-24 13:37,Bearspaw Chapel,Gateway Stake,Blackmud Creek Ward,2,0,22,60.0,0,2,194,630.0,BLACKMUD CREEK,Ipiihkoohkanipiaohtsi Ward,503500.0,Gateway Stake 192
2023-09-24 14:04,Parkland (Spruce Grove/Stony Plain),Edmonton North Stake,Stony Plain Ward,2,0,29,60.0,1,3,240,120.0,STONY PLAIN,,6666500.0,Edmonton North Stake 47
2023-09-24 17:58,Bearspaw Chapel,Bonnie Doon Stake,Southgate Ward,1,4,30,30.0,0,2,130,30.0,SOUTHGATE,,837500.0,Bonnie Doon Stake 118
2023-09-24 21:45,Parkland (Spruce Grove/Stony Plain),Edmonton North Stake,Stony Plain Ward,2,0,140,30.0,0,2,130,60.0,STONY PLAIN,,6666500.0,Edmonton North Stake 48
2023-09-24 23:04,Morinville,Edmonton North Stake,Namao Ward,2,8,0,105.0,1,2,525,100.0,NAMAO,,6666500.0,Edmonton North Stake 49
2023-09-25 15:09,Parkland (Spruce Grove/Stony Plain),Edmonton North Stake,Stony Plain Ward,0,0,8,90.0,1,2,194,90.0,STONY PLAIN,,6666500.0,Edmonton North Stake 50
2023-09-26 15:08,Bonnie Doon Stake Centre,Bonnie Doon Stake,Strathcona Married Student Ward,2,1,9,10.0,0,2,40,36.0,STRATHCONA MARRIED STUDENT,,837500.0,Bonnie Doon Stake 119
2023-09-26 15:10,Bonnie Doon Stake Centre,Bonnie Doon Stake,Forest Heights Ward,1,2,24,20.0,1,2,120,43.0,FOREST HEIGHTS,MÃÂ©tis Ward,837500.0,Bonnie Doon Stake 120
2023-09-26 15:12,Bonnie Doon Stake Centre,Bonnie Doon Stake,Forest Heights Ward,2,1,16,30.0,0,2,130,41.0,FOREST HEIGHTS,MÃÂ©tis Ward,837500.0,Bonnie Doon Stake 121
2023-09-26 15:13,Bonnie Doon Stake Centre,Bonnie Doon Stake,Forest Heights Ward,3,0,14,30.0,0,2,110,51.0,FOREST HEIGHTS,MÃÂ©tis Ward,837500.0,Bonnie Doon Stake 122
2023-09-26 15:14,Bonnie Doon Stake Centre,Bonnie Doon Stake,Forest Heights Ward,2,0,6,10.0,0,2,60,45.0,FOREST HEIGHTS,MÃÂ©tis Ward,837500.0,Bonnie Doon Stake 123
2023-09-26 15:16,Bonnie Doon Stake Centre,Bonnie Doon Stake,Strathcona Married Student Ward,2,0,12,20.0,0,2,66,41.0,STRATHCONA MARRIED STUDENT,,837500.0,Bonnie Doon Stake 124
2023-09-26 15:17,Bonnie Doon Stake Centre,Bonnie Doon Stake,Connors Hill Ward,1,0,7,25.0,0,2,100,35.0,CONNORS HILL,,837500.0,Bonnie Doon Stake 125
2023-09-26 15:18,Bonnie Doon Stake Centre,Bonnie Doon Stake,Connors Hill Ward,3,0,28,90.0,0,2,65,65.0,CONNORS HILL,,837500.0,Bonnie Doon Stake 126
2023-09-26 15:47,Bonnie Doon Stake Centre,Bonnie Doon Stake,Forest Heights Ward,2,2,36,45.0,1,2,150,63.0,FOREST HEIGHTS,MÃÂ©tis Ward,837500.0,Bonnie Doon Stake 127
2023-09-26 19:46,Morinville,Edmonton North Stake,Namao Ward,1,3,80,240.0,1,2,420,240.0,NAMAO,,6666500.0,Edmonton North Stake 51
2023-09-27 8:41,Onoway,Edmonton North Stake,Onoway Ward,2,0,10,45.0,0,2,194,45.0,ONOWAY,,6666500.0,Edmonton North Stake 52
2023-09-27 14:24,North Stake Centre,Edmonton North Stake,Namao Ward,2,0,20,20.0,0,2,150,45.0,NAMAO,,6666500.0,Edmonton North Stake 53
2023-09-27 14:24,North Stake Centre,Edmonton North Stake,Namao Ward,2,0,20,20.0,0,2,150,45.0,NAMAO,,6666500.0,Edmonton North Stake 54
2023-09-28 20:44,Parkland (Spruce Grove/Stony Plain),Edmonton North Stake,Stony Plain Ward,2,4,51,60.0,1,2,194,120.0,STONY PLAIN,,6666500.0,Edmonton North Stake 55
2023-10-15 11:15,North Stake Centre,Edmonton North Stake,Griesbach Ward,3,0,78,2.5,1,3,600,150.0,GRIESBACH,Anirniq Ward,6666500.0,Edmonton North Stake 56
2024-09-10 16:03,Londonderry Chapel,Edmonton North Stake,Lago Lindo Branch,2,2,5,2.0,0,2,194,30.26904762,LAGO LINDO BRANCH,,6666500.0,Edmonton North Stake 57
